timestamp,vibration_rms
2026-01-01 00:00:00,0.58
2026-01-01 01:00:00,0.6066
2026-01-01 02:00:00,0.5971
2026-01-01 03:00:00,0.6056
2026-01-01 04:00:00,0.6497
2026-01-01 05:00:00,0.6738
2026-01-01 06:00:00,0.6585
2026-01-01 07:00:00,0.6673
2026-01-01 08:00:00,0.6557
2026-01-01 09:00:00,0.6123
2026-01-01 10:00:00,0.5981
2026-01-01 11:00:00,0.5981
2026-01-01 12:00:00,0.5872
2026-01-01 13:00:00,0.5132
2026-01-01 14:00:00,0.5111
2026-01-01 15:00:00,0.5026
2026-01-01 16:00:00,0.438
2026-01-01 17:00:00,0.4254
2026-01-01 18:00:00,0.4587
2026-01-01 19:00:00,0.5144
2026-01-01 20:00:00,0.4703
2026-01-01 21:00:00,0.5245
2026-01-01 22:00:00,0.4857
2026-01-01 23:00:00,0.564
2026-01-02 00:00:00,0.5786
2026-01-02 01:00:00,0.581
2026-01-02 02:00:00,0.6195
2026-01-02 03:00:00,0.6107
2026-01-02 04:00:00,0.6495
2026-01-02 05:00:00,0.6571
2026-01-02 06:00:00,0.5488
2026-01-02 07:00:00,0.5559
2026-01-02 08:00:00,0.5297
2026-01-02 09:00:00,0.5694
2026-01-02 10:00:00,0.5681
2026-01-02 11:00:00,0.5809
2026-01-02 12:00:00,0.5247
2026-01-02 13:00:00,0.5267
2026-01-02 14:00:00,0.5241
2026-01-02 15:00:00,0.4481
2026-01-02 16:00:00,0.4745
2026-01-02 17:00:00,0.4717
2026-01-02 18:00:00,0.4547
2026-01-02 19:00:00,0.4469
2026-01-02 20:00:00,0.4256
2026-01-02 21:00:00,0.4678
2026-01-02 22:00:00,0.4962
2026-01-02 23:00:00,0.533
2026-01-03 00:00:00,0.5517
2026-01-03 01:00:00,0.5751
2026-01-03 02:00:00,0.5817
2026-01-03 03:00:00,0.6305
2026-01-03 04:00:00,0.6524
2026-01-03 05:00:00,0.7089
2026-01-03 06:00:00,0.6977
2026-01-03 07:00:00,0.6357
2026-01-03 08:00:00,0.5782
2026-01-03 09:00:00,0.5779
2026-01-03 10:00:00,0.619
2026-01-03 11:00:00,0.5816
2026-01-03 12:00:00,0.5487
2026-01-03 13:00:00,0.5097
2026-01-03 14:00:00,0.4674
2026-01-03 15:00:00,0.4455
2026-01-03 16:00:00,0.4647
2026-01-03 17:00:00,0.4567
2026-01-03 18:00:00,0.4529
2026-01-03 19:00:00,0.4525
2026-01-03 20:00:00,0.4846
2026-01-03 21:00:00,0.5197
2026-01-03 22:00:00,0.4851
2026-01-03 23:00:00,0.5014
2026-01-04 00:00:00,0.5405
2026-01-04 01:00:00,0.5908
2026-01-04 02:00:00,0.6223
2026-01-04 03:00:00,0.6688
2026-01-04 04:00:00,0.6361
2026-01-04 05:00:00,0.6662
2026-01-04 06:00:00,0.7338
2026-01-04 07:00:00,0.7174
2026-01-04 08:00:00,0.7005
2026-01-04 09:00:00,0.6939
2026-01-04 10:00:00,0.6493
2026-01-04 11:00:00,0.5975
2026-01-04 12:00:00,0.5831
2026-01-04 13:00:00,0.5153
2026-01-04 14:00:00,0.5233
2026-01-04 15:00:00,0.5314
2026-01-04 16:00:00,0.4714
2026-01-04 17:00:00,0.4824
2026-01-04 18:00:00,0.4823
2026-01-04 19:00:00,0.5381
2026-01-04 20:00:00,0.5796
2026-01-04 21:00:00,0.603
2026-01-04 22:00:00,0.6388
2026-01-04 23:00:00,0.6251
2026-01-05 00:00:00,0.6414
2026-01-05 01:00:00,0.6439
2026-01-05 02:00:00,0.6281
2026-01-05 03:00:00,0.652
2026-01-05 04:00:00,0.6652
2026-01-05 05:00:00,0.6699
2026-01-05 06:00:00,0.6744
2026-01-05 07:00:00,0.6763
2026-01-05 08:00:00,0.6961
2026-01-05 09:00:00,0.6589
2026-01-05 10:00:00,0.6034
2026-01-05 11:00:00,0.6144
2026-01-05 12:00:00,0.6205
2026-01-05 13:00:00,0.6039
2026-01-05 14:00:00,0.5423
2026-01-05 15:00:00,0.5255
2026-01-05 16:00:00,0.5251
2026-01-05 17:00:00,0.4854
2026-01-05 18:00:00,0.4693
2026-01-05 19:00:00,0.4812
2026-01-05 20:00:00,0.5362
2026-01-05 21:00:00,0.5545
2026-01-05 22:00:00,0.5516
2026-01-05 23:00:00,0.5686
2026-01-06 00:00:00,0.5742
2026-01-06 01:00:00,0.592
2026-01-06 02:00:00,0.6436
2026-01-06 03:00:00,0.6044
2026-01-06 04:00:00,0.6741
2026-01-06 05:00:00,0.7493
2026-01-06 06:00:00,0.7395
2026-01-06 07:00:00,0.6977
2026-01-06 08:00:00,0.7211
2026-01-06 09:00:00,0.704
2026-01-06 10:00:00,0.6598
2026-01-06 11:00:00,0.6068
2026-01-06 12:00:00,0.5784
2026-01-06 13:00:00,0.5699
2026-01-06 14:00:00,0.5802
2026-01-06 15:00:00,0.5665
2026-01-06 16:00:00,0.5609
2026-01-06 17:00:00,0.5346
2026-01-06 18:00:00,0.5545
2026-01-06 19:00:00,0.5421
2026-01-06 20:00:00,0.6009
2026-01-06 21:00:00,0.576
2026-01-06 22:00:00,0.5975
2026-01-06 23:00:00,0.6746
2026-01-07 00:00:00,0.703
2026-01-07 01:00:00,0.7208
2026-01-07 02:00:00,0.7248
2026-01-07 03:00:00,0.7233
2026-01-07 04:00:00,0.7163
2026-01-07 05:00:00,0.6985
2026-01-07 06:00:00,0.6532
2026-01-07 07:00:00,0.681
2026-01-07 08:00:00,0.6293
2026-01-07 09:00:00,0.6504
2026-01-07 10:00:00,0.629
2026-01-07 11:00:00,0.5864
2026-01-07 12:00:00,0.6194
2026-01-07 13:00:00,0.5514
2026-01-07 14:00:00,0.5213
2026-01-07 15:00:00,0.4996
2026-01-07 16:00:00,0.5049
2026-01-07 17:00:00,0.4872
2026-01-07 18:00:00,0.5399
2026-01-07 19:00:00,0.4979
2026-01-07 20:00:00,0.6378
2026-01-07 21:00:00,0.5917
2026-01-07 22:00:00,0.6868
2026-01-07 23:00:00,0.7073
2026-01-08 00:00:00,0.6933
2026-01-08 01:00:00,0.6995
2026-01-08 02:00:00,0.6905
2026-01-08 03:00:00,0.7087
2026-01-08 04:00:00,0.6902
2026-01-08 05:00:00,0.719
2026-01-08 06:00:00,0.7209
2026-01-08 07:00:00,0.6821
2026-01-08 08:00:00,0.6903
2026-01-08 09:00:00,0.687
2026-01-08 10:00:00,0.6444
2026-01-08 11:00:00,0.6146
2026-01-08 12:00:00,0.6142
2026-01-08 13:00:00,0.6251
2026-01-08 14:00:00,0.5913
2026-01-08 15:00:00,0.5965
2026-01-08 16:00:00,0.6064
2026-01-08 17:00:00,0.619
2026-01-08 18:00:00,0.6047
2026-01-08 19:00:00,0.5599
2026-01-08 20:00:00,0.5879
2026-01-08 21:00:00,0.5831
2026-01-08 22:00:00,0.6084
2026-01-08 23:00:00,0.6005
2026-01-09 00:00:00,0.6029
2026-01-09 01:00:00,0.6079
2026-01-09 02:00:00,0.5974
2026-01-09 03:00:00,0.615
2026-01-09 04:00:00,0.6151
2026-01-09 05:00:00,0.662
2026-01-09 06:00:00,0.6436
2026-01-09 07:00:00,0.6374
2026-01-09 08:00:00,0.5917
2026-01-09 09:00:00,0.6453
2026-01-09 10:00:00,0.601
2026-01-09 11:00:00,0.5406
2026-01-09 12:00:00,0.492
2026-01-09 13:00:00,0.4645
2026-01-09 14:00:00,0.4461
2026-01-09 15:00:00,0.519
2026-01-09 16:00:00,0.5306
2026-01-09 17:00:00,0.5017
2026-01-09 18:00:00,0.5492
2026-01-09 19:00:00,0.5145
2026-01-09 20:00:00,0.502
2026-01-09 21:00:00,0.4987
2026-01-09 22:00:00,0.5492
2026-01-09 23:00:00,0.5605
2026-01-10 00:00:00,0.6232
2026-01-10 01:00:00,0.6424
2026-01-10 02:00:00,0.6752
2026-01-10 03:00:00,0.62
2026-01-10 04:00:00,0.5846
2026-01-10 05:00:00,0.6139
2026-01-10 06:00:00,0.6294
2026-01-10 07:00:00,0.6023
2026-01-10 08:00:00,0.6598
2026-01-10 09:00:00,0.6507
2026-01-10 10:00:00,0.6608
2026-01-10 11:00:00,0.627
2026-01-10 12:00:00,0.635
2026-01-10 13:00:00,0.551
2026-01-10 14:00:00,0.5433
2026-01-10 15:00:00,0.5516
2026-01-10 16:00:00,0.5592
2026-01-10 17:00:00,0.5389
2026-01-10 18:00:00,0.4858
2026-01-10 19:00:00,0.5342
2026-01-10 20:00:00,0.5335
2026-01-10 21:00:00,0.543
2026-01-10 22:00:00,0.6335
2026-01-10 23:00:00,0.6429
2026-01-11 00:00:00,0.6384
2026-01-11 01:00:00,0.6397
2026-01-11 02:00:00,0.682
2026-01-11 03:00:00,0.6714
2026-01-11 04:00:00,0.7046
2026-01-11 05:00:00,0.745
2026-01-11 06:00:00,0.7353
2026-01-11 07:00:00,0.7556
2026-01-11 08:00:00,0.7322
2026-01-11 09:00:00,0.6895
2026-01-11 10:00:00,0.6215
2026-01-11 11:00:00,0.623
2026-01-11 12:00:00,0.6176
2026-01-11 13:00:00,0.6281
2026-01-11 14:00:00,0.6282
2026-01-11 15:00:00,0.6609
2026-01-11 16:00:00,0.6042
2026-01-11 17:00:00,0.5928
2026-01-11 18:00:00,0.5566
2026-01-11 19:00:00,0.5841
2026-01-11 20:00:00,0.5546
2026-01-11 21:00:00,0.596
2026-01-11 22:00:00,0.5843
2026-01-11 23:00:00,0.6288
2026-01-12 00:00:00,0.6814
2026-01-12 01:00:00,0.6426
2026-01-12 02:00:00,0.6256
2026-01-12 03:00:00,0.6637
2026-01-12 04:00:00,0.6889
2026-01-12 05:00:00,0.6932
2026-01-12 06:00:00,0.6876
2026-01-12 07:00:00,0.6673
2026-01-12 08:00:00,0.6819
2026-01-12 09:00:00,0.6462
2026-01-12 10:00:00,0.6526
2026-01-12 11:00:00,0.6212
2026-01-12 12:00:00,0.596
2026-01-12 13:00:00,0.6208
2026-01-12 14:00:00,0.6263
2026-01-12 15:00:00,0.5689
2026-01-12 16:00:00,0.5305
2026-01-12 17:00:00,0.5537
2026-01-12 18:00:00,0.5073
2026-01-12 19:00:00,0.5656
2026-01-12 20:00:00,0.5744
2026-01-12 21:00:00,0.5668
2026-01-12 22:00:00,0.587
2026-01-12 23:00:00,0.6498
2026-01-13 00:00:00,0.5977
2026-01-13 01:00:00,0.661
2026-01-13 02:00:00,0.7164
2026-01-13 03:00:00,0.7137
2026-01-13 04:00:00,0.7201
2026-01-13 05:00:00,0.7298
2026-01-13 06:00:00,0.7515
2026-01-13 07:00:00,0.7183
2026-01-13 08:00:00,0.7096
2026-01-13 09:00:00,0.6933
2026-01-13 10:00:00,0.6972
2026-01-13 11:00:00,0.7521
2026-01-13 12:00:00,0.6821
2026-01-13 13:00:00,0.6501
2026-01-13 14:00:00,0.5972
2026-01-13 15:00:00,0.5644
2026-01-13 16:00:00,0.5225
2026-01-13 17:00:00,0.4799
2026-01-13 18:00:00,0.534
2026-01-13 19:00:00,0.5531
2026-01-13 20:00:00,0.5654
2026-01-13 21:00:00,0.5528
2026-01-13 22:00:00,0.5756
2026-01-13 23:00:00,0.5674
2026-01-14 00:00:00,0.6027
2026-01-14 01:00:00,0.6451
2026-01-14 02:00:00,0.6541
2026-01-14 03:00:00,0.6571
2026-01-14 04:00:00,0.668
2026-01-14 05:00:00,0.7139
2026-01-14 06:00:00,0.7254
2026-01-14 07:00:00,0.6745
2026-01-14 08:00:00,0.7014
2026-01-14 09:00:00,0.708
2026-01-14 10:00:00,0.6943
2026-01-14 11:00:00,0.7204
2026-01-14 12:00:00,0.6833
2026-01-14 13:00:00,0.6627
2026-01-14 14:00:00,0.6445
2026-01-14 15:00:00,0.6408
2026-01-14 16:00:00,0.6043
2026-01-14 17:00:00,0.5667
2026-01-14 18:00:00,0.5914
2026-01-14 19:00:00,0.6127
2026-01-14 20:00:00,0.6451
2026-01-14 21:00:00,0.6501
2026-01-14 22:00:00,0.5997
2026-01-14 23:00:00,0.6257
2026-01-15 00:00:00,0.6477
2026-01-15 01:00:00,0.7057
2026-01-15 02:00:00,0.747
2026-01-15 03:00:00,0.7663
2026-01-15 04:00:00,0.7005
2026-01-15 05:00:00,0.6894
2026-01-15 06:00:00,0.6921
2026-01-15 07:00:00,0.6897
2026-01-15 08:00:00,0.697
2026-01-15 09:00:00,0.7342
2026-01-15 10:00:00,0.7322
2026-01-15 11:00:00,0.672
2026-01-15 12:00:00,0.6242
2026-01-15 13:00:00,0.5809
2026-01-15 14:00:00,0.5693
2026-01-15 15:00:00,0.5857
2026-01-15 16:00:00,0.6016
2026-01-15 17:00:00,0.5741
2026-01-15 18:00:00,0.5679
2026-01-15 19:00:00,0.6196
2026-01-15 20:00:00,0.5686
2026-01-15 21:00:00,0.6029
2026-01-15 22:00:00,0.6324
2026-01-15 23:00:00,0.6366
2026-01-16 00:00:00,0.6554
2026-01-16 01:00:00,0.6882
2026-01-16 02:00:00,0.6951
2026-01-16 03:00:00,0.6927
2026-01-16 04:00:00,0.6896
2026-01-16 05:00:00,0.7634
2026-01-16 06:00:00,0.7444
2026-01-16 07:00:00,0.7449
2026-01-16 08:00:00,0.7015
2026-01-16 09:00:00,0.6726
2026-01-16 10:00:00,0.6514
2026-01-16 11:00:00,0.6424
2026-01-16 12:00:00,0.5882
2026-01-16 13:00:00,0.5224
2026-01-16 14:00:00,0.4946
2026-01-16 15:00:00,0.5455
2026-01-16 16:00:00,0.5123
2026-01-16 17:00:00,0.5109
2026-01-16 18:00:00,0.4694
2026-01-16 19:00:00,0.5246
2026-01-16 20:00:00,0.5216
2026-01-16 21:00:00,0.5222
2026-01-16 22:00:00,0.5402
2026-01-16 23:00:00,0.6404
2026-01-17 00:00:00,0.6578
2026-01-17 01:00:00,0.6585
2026-01-17 02:00:00,0.582
2026-01-17 03:00:00,0.6568
2026-01-17 04:00:00,0.6502
2026-01-17 05:00:00,0.6945
2026-01-17 06:00:00,0.6863
2026-01-17 07:00:00,0.7423
2026-01-17 08:00:00,0.7311
2026-01-17 09:00:00,0.6713
2026-01-17 10:00:00,0.6599
2026-01-17 11:00:00,0.6251
2026-01-17 12:00:00,0.6287
2026-01-17 13:00:00,0.6027
2026-01-17 14:00:00,0.5439
2026-01-17 15:00:00,0.5434
2026-01-17 16:00:00,0.543
2026-01-17 17:00:00,0.5081
2026-01-17 18:00:00,0.4651
2026-01-17 19:00:00,0.5064
2026-01-17 20:00:00,0.5257
2026-01-17 21:00:00,0.5491
2026-01-17 22:00:00,0.6026
2026-01-17 23:00:00,0.5685
2026-01-18 00:00:00,0.6112
2026-01-18 01:00:00,0.6662
2026-01-18 02:00:00,0.6852
2026-01-18 03:00:00,0.6648
2026-01-18 04:00:00,0.6736
2026-01-18 05:00:00,0.6851
2026-01-18 06:00:00,0.6563
2026-01-18 07:00:00,0.6892
2026-01-18 08:00:00,0.6955
2026-01-18 09:00:00,0.6733
2026-01-18 10:00:00,0.6983
2026-01-18 11:00:00,0.6634
2026-01-18 12:00:00,0.6911
2026-01-18 13:00:00,0.6524
2026-01-18 14:00:00,0.5994
2026-01-18 15:00:00,0.5594
2026-01-18 16:00:00,0.5603
2026-01-18 17:00:00,0.5273
2026-01-18 18:00:00,0.5433
2026-01-18 19:00:00,0.5435
2026-01-18 20:00:00,0.5494
2026-01-18 21:00:00,0.5726
2026-01-18 22:00:00,0.6286
2026-01-18 23:00:00,0.6304
2026-01-19 00:00:00,0.6607
2026-01-19 01:00:00,0.6966
2026-01-19 02:00:00,0.6776
2026-01-19 03:00:00,0.7187
2026-01-19 04:00:00,0.758
2026-01-19 05:00:00,0.7896
2026-01-19 06:00:00,0.747
2026-01-19 07:00:00,0.7135
2026-01-19 08:00:00,0.7125
2026-01-19 09:00:00,0.7028
2026-01-19 10:00:00,0.6919
2026-01-19 11:00:00,0.6649
2026-01-19 12:00:00,0.6546
2026-01-19 13:00:00,0.5589
2026-01-19 14:00:00,0.5818
2026-01-19 15:00:00,0.6199
2026-01-19 16:00:00,0.5857
2026-01-19 17:00:00,0.5851
2026-01-19 18:00:00,0.6323
2026-01-19 19:00:00,0.6219
2026-01-19 20:00:00,0.629
2026-01-19 21:00:00,0.6877
2026-01-19 22:00:00,0.7437
2026-01-19 23:00:00,0.699
2026-01-20 00:00:00,0.6935
2026-01-20 01:00:00,0.735
2026-01-20 02:00:00,0.7577
2026-01-20 03:00:00,0.7832
2026-01-20 04:00:00,0.7026
2026-01-20 05:00:00,0.6634
2026-01-20 06:00:00,0.7442
2026-01-20 07:00:00,0.7671
2026-01-20 08:00:00,0.7646
2026-01-20 09:00:00,0.7076
2026-01-20 10:00:00,0.6836
2026-01-20 11:00:00,0.6881
2026-01-20 12:00:00,0.6255
2026-01-20 13:00:00,0.5947
2026-01-20 14:00:00,0.6003
2026-01-20 15:00:00,0.608
2026-01-20 16:00:00,0.5794
2026-01-20 17:00:00,0.6052
2026-01-20 18:00:00,0.6261
2026-01-20 19:00:00,0.5639
2026-01-20 20:00:00,0.6285
2026-01-20 21:00:00,0.6683
2026-01-20 22:00:00,0.6761
2026-01-20 23:00:00,0.6793
2026-01-21 00:00:00,0.7167
2026-01-21 01:00:00,0.7422
2026-01-21 02:00:00,0.7411
2026-01-21 03:00:00,0.7995
2026-01-21 04:00:00,0.7311
2026-01-21 05:00:00,0.7239
2026-01-21 06:00:00,0.7489
2026-01-21 07:00:00,0.747
2026-01-21 08:00:00,0.7618
2026-01-21 09:00:00,0.7023
2026-01-21 10:00:00,0.6859
2026-01-21 11:00:00,0.7084
2026-01-21 12:00:00,0.6381
2026-01-21 13:00:00,0.619
2026-01-21 14:00:00,0.5919
2026-01-21 15:00:00,0.5964
2026-01-21 16:00:00,0.5998
2026-01-21 17:00:00,0.5947
2026-01-21 18:00:00,0.5826
2026-01-21 19:00:00,0.5896
2026-01-21 20:00:00,0.5942
2026-01-21 21:00:00,0.6089
2026-01-21 22:00:00,0.6721
2026-01-21 23:00:00,0.6458
2026-01-22 00:00:00,0.6804
2026-01-22 01:00:00,0.673
2026-01-22 02:00:00,0.7593
2026-01-22 03:00:00,0.7684
2026-01-22 04:00:00,0.7351
2026-01-22 05:00:00,0.741
2026-01-22 06:00:00,0.7053
2026-01-22 07:00:00,0.6995
2026-01-22 08:00:00,0.7264
2026-01-22 09:00:00,0.7608
2026-01-22 10:00:00,0.7693
2026-01-22 11:00:00,0.7321
2026-01-22 12:00:00,0.7183
2026-01-22 13:00:00,0.7095
2026-01-22 14:00:00,0.7418
2026-01-22 15:00:00,0.6766
2026-01-22 16:00:00,0.6923
2026-01-22 17:00:00,0.6268
2026-01-22 18:00:00,0.6511
2026-01-22 19:00:00,0.6197
2026-01-22 20:00:00,0.6016
2026-01-22 21:00:00,0.6079
2026-01-22 22:00:00,0.6057
2026-01-22 23:00:00,0.6481
2026-01-23 00:00:00,0.7099
2026-01-23 01:00:00,0.6604
2026-01-23 02:00:00,0.6877
2026-01-23 03:00:00,0.6828
2026-01-23 04:00:00,0.74
2026-01-23 05:00:00,0.7954
2026-01-23 06:00:00,0.7843
2026-01-23 07:00:00,0.7555
2026-01-23 08:00:00,0.646
2026-01-23 09:00:00,0.7064
2026-01-23 10:00:00,0.7232
2026-01-23 11:00:00,0.6285
2026-01-23 12:00:00,0.6322
2026-01-23 13:00:00,0.5758
2026-01-23 14:00:00,0.5486
2026-01-23 15:00:00,0.5041
2026-01-23 16:00:00,0.4486
2026-01-23 17:00:00,0.4687
2026-01-23 18:00:00,0.5446
2026-01-23 19:00:00,0.5197
2026-01-23 20:00:00,0.5627
2026-01-23 21:00:00,0.6058
2026-01-23 22:00:00,0.635
2026-01-23 23:00:00,0.7022
2026-01-24 00:00:00,0.7266
2026-01-24 01:00:00,0.7758
2026-01-24 02:00:00,0.7274
2026-01-24 03:00:00,0.7523
2026-01-24 04:00:00,0.794
2026-01-24 05:00:00,0.8094
2026-01-24 06:00:00,0.6963
2026-01-24 07:00:00,0.6765
2026-01-24 08:00:00,0.6722
2026-01-24 09:00:00,0.7003
2026-01-24 10:00:00,0.6789
2026-01-24 11:00:00,0.6728
2026-01-24 12:00:00,0.643
2026-01-24 13:00:00,0.6297
2026-01-24 14:00:00,0.6174
2026-01-24 15:00:00,0.5887
2026-01-24 16:00:00,0.6109
2026-01-24 17:00:00,0.645
2026-01-24 18:00:00,0.5969
2026-01-24 19:00:00,0.6083
2026-01-24 20:00:00,0.5736
2026-01-24 21:00:00,0.5463
2026-01-24 22:00:00,0.6183
2026-01-24 23:00:00,0.7071
2026-01-25 00:00:00,0.7083
2026-01-25 01:00:00,0.7802
2026-01-25 02:00:00,0.7622
2026-01-25 03:00:00,0.7646
2026-01-25 04:00:00,0.8243
2026-01-25 05:00:00,0.7887
2026-01-25 06:00:00,0.8147
2026-01-25 07:00:00,0.7906
2026-01-25 08:00:00,0.7557
2026-01-25 09:00:00,0.7296
2026-01-25 10:00:00,0.6532
2026-01-25 11:00:00,0.6933
2026-01-25 12:00:00,0.684
2026-01-25 13:00:00,0.6599
2026-01-25 14:00:00,0.6216
2026-01-25 15:00:00,0.6214
2026-01-25 16:00:00,0.6376
2026-01-25 17:00:00,0.6158
2026-01-25 18:00:00,0.6405
2026-01-25 19:00:00,0.6427
2026-01-25 20:00:00,0.6397
2026-01-25 21:00:00,0.6752
2026-01-25 22:00:00,0.666
2026-01-25 23:00:00,0.645
2026-01-26 00:00:00,0.6731
2026-01-26 01:00:00,0.7022
2026-01-26 02:00:00,0.7201
2026-01-26 03:00:00,0.7783
2026-01-26 04:00:00,0.8004
2026-01-26 05:00:00,0.7967
2026-01-26 06:00:00,0.7941
2026-01-26 07:00:00,0.7899
2026-01-26 08:00:00,0.7939
2026-01-26 09:00:00,0.7752
2026-01-26 10:00:00,0.7477
2026-01-26 11:00:00,0.6848
2026-01-26 12:00:00,0.651
2026-01-26 13:00:00,0.6502
2026-01-26 14:00:00,0.6423
2026-01-26 15:00:00,0.5837
2026-01-26 16:00:00,0.5683
2026-01-26 17:00:00,0.5476
2026-01-26 18:00:00,0.6047
2026-01-26 19:00:00,0.6175
2026-01-26 20:00:00,0.6385
2026-01-26 21:00:00,0.6462
2026-01-26 22:00:00,0.6429
2026-01-26 23:00:00,0.6538
2026-01-27 00:00:00,0.6971
2026-01-27 01:00:00,0.7119
2026-01-27 02:00:00,0.7502
2026-01-27 03:00:00,0.7698
2026-01-27 04:00:00,0.7894
2026-01-27 05:00:00,0.8039
2026-01-27 06:00:00,0.7849
2026-01-27 07:00:00,0.7728
2026-01-27 08:00:00,0.7944
2026-01-27 09:00:00,0.83
2026-01-27 10:00:00,0.8207
2026-01-27 11:00:00,0.6949
2026-01-27 12:00:00,0.6581
2026-01-27 13:00:00,0.6517
2026-01-27 14:00:00,0.6061
2026-01-27 15:00:00,0.5691
2026-01-27 16:00:00,0.5634
2026-01-27 17:00:00,0.5836
2026-01-27 18:00:00,0.6095
2026-01-27 19:00:00,0.6037
2026-01-27 20:00:00,0.6036
2026-01-27 21:00:00,0.599
2026-01-27 22:00:00,0.6442
2026-01-27 23:00:00,0.6826
2026-01-28 00:00:00,0.7315
2026-01-28 01:00:00,0.7496
2026-01-28 02:00:00,0.7242
2026-01-28 03:00:00,0.7376
2026-01-28 04:00:00,0.7844
2026-01-28 05:00:00,0.7391
2026-01-28 06:00:00,0.7528
2026-01-28 07:00:00,0.7688
2026-01-28 08:00:00,0.8256
2026-01-28 09:00:00,0.781
2026-01-28 10:00:00,0.7554
2026-01-28 11:00:00,0.7835
2026-01-28 12:00:00,0.7283
2026-01-28 13:00:00,0.7323
2026-01-28 14:00:00,0.7101
2026-01-28 15:00:00,0.673
2026-01-28 16:00:00,0.6656
2026-01-28 17:00:00,0.6436
2026-01-28 18:00:00,0.7032
2026-01-28 19:00:00,0.6215
2026-01-28 20:00:00,0.6226
2026-01-28 21:00:00,0.6317
2026-01-28 22:00:00,0.6497
2026-01-28 23:00:00,0.7071
2026-01-29 00:00:00,0.7098
2026-01-29 01:00:00,0.7462
2026-01-29 02:00:00,0.7692
2026-01-29 03:00:00,0.807
2026-01-29 04:00:00,0.8057
2026-01-29 05:00:00,0.8174
2026-01-29 06:00:00,0.8093
2026-01-29 07:00:00,0.7727
2026-01-29 08:00:00,0.8175
2026-01-29 09:00:00,0.7716
2026-01-29 10:00:00,0.7393
2026-01-29 11:00:00,0.6968
2026-01-29 12:00:00,0.6969
2026-01-29 13:00:00,0.6644
2026-01-29 14:00:00,0.6962
2026-01-29 15:00:00,0.6869
2026-01-29 16:00:00,0.655
2026-01-29 17:00:00,0.6144
2026-01-29 18:00:00,0.6124
2026-01-29 19:00:00,0.6349
2026-01-29 20:00:00,0.6406
2026-01-29 21:00:00,0.6493
2026-01-29 22:00:00,0.6371
2026-01-29 23:00:00,0.7342
2026-01-30 00:00:00,0.738
2026-01-30 01:00:00,0.7117
2026-01-30 02:00:00,0.7065
2026-01-30 03:00:00,0.7276
2026-01-30 04:00:00,0.8123
2026-01-30 05:00:00,0.8087
2026-01-30 06:00:00,0.7968
2026-01-30 07:00:00,0.8199
2026-01-30 08:00:00,0.7773
2026-01-30 09:00:00,0.7712
2026-01-30 10:00:00,0.7452
2026-01-30 11:00:00,0.6795
2026-01-30 12:00:00,0.6357
2026-01-30 13:00:00,0.5728
2026-01-30 14:00:00,0.564
2026-01-30 15:00:00,0.5488
2026-01-30 16:00:00,0.5339
2026-01-30 17:00:00,0.5488
2026-01-30 18:00:00,0.5346
2026-01-30 19:00:00,0.539
2026-01-30 20:00:00,0.5442
2026-01-30 21:00:00,0.5691
2026-01-30 22:00:00,0.6068
2026-01-30 23:00:00,0.5905
2026-01-31 00:00:00,0.6401
2026-01-31 01:00:00,0.6763
2026-01-31 02:00:00,0.7117
2026-01-31 03:00:00,0.7315
2026-01-31 04:00:00,0.7535
2026-01-31 05:00:00,0.7999
2026-01-31 06:00:00,0.8163
2026-01-31 07:00:00,0.8442
2026-01-31 08:00:00,0.8087
2026-01-31 09:00:00,0.7769
2026-01-31 10:00:00,0.7789
2026-01-31 11:00:00,0.737
2026-01-31 12:00:00,0.6947
2026-01-31 13:00:00,0.6924
2026-01-31 14:00:00,0.6605
2026-01-31 15:00:00,0.6844
2026-01-31 16:00:00,0.6501
2026-01-31 17:00:00,0.6162
2026-01-31 18:00:00,0.6194
2026-01-31 19:00:00,0.64
2026-01-31 20:00:00,0.6578
2026-01-31 21:00:00,0.6846
2026-01-31 22:00:00,0.6791
2026-01-31 23:00:00,0.7337
2026-02-01 00:00:00,0.6966
2026-02-01 01:00:00,0.7023
2026-02-01 02:00:00,0.7357
2026-02-01 03:00:00,0.7406
2026-02-01 04:00:00,0.7566
2026-02-01 05:00:00,0.7468
2026-02-01 06:00:00,0.7598
2026-02-01 07:00:00,0.7843
2026-02-01 08:00:00,0.7657
2026-02-01 09:00:00,0.7346
2026-02-01 10:00:00,0.717
2026-02-01 11:00:00,0.7434
2026-02-01 12:00:00,0.7551
2026-02-01 13:00:00,0.7101
2026-02-01 14:00:00,0.7027
2026-02-01 15:00:00,0.6788
2026-02-01 16:00:00,0.6999
2026-02-01 17:00:00,0.6836
2026-02-01 18:00:00,0.6633
2026-02-01 19:00:00,0.7078
2026-02-01 20:00:00,0.6706
2026-02-01 21:00:00,0.6885
2026-02-01 22:00:00,0.7408
2026-02-01 23:00:00,0.7653
2026-02-02 00:00:00,0.7474
2026-02-02 01:00:00,0.739
2026-02-02 02:00:00,0.72
2026-02-02 03:00:00,0.796
2026-02-02 04:00:00,0.773
2026-02-02 05:00:00,0.8108
2026-02-02 06:00:00,0.7706
2026-02-02 07:00:00,0.8562
2026-02-02 08:00:00,0.7942
2026-02-02 09:00:00,0.7841
2026-02-02 10:00:00,0.804
2026-02-02 11:00:00,0.7532
2026-02-02 12:00:00,0.7474
2026-02-02 13:00:00,0.7118
2026-02-02 14:00:00,0.7016
2026-02-02 15:00:00,0.7123
2026-02-02 16:00:00,0.6739
2026-02-02 17:00:00,0.7053
2026-02-02 18:00:00,0.6969
2026-02-02 19:00:00,0.7437
2026-02-02 20:00:00,0.7005
2026-02-02 21:00:00,0.6825
2026-02-02 22:00:00,0.6898
2026-02-02 23:00:00,0.6735
2026-02-03 00:00:00,0.7332
2026-02-03 01:00:00,0.7523
2026-02-03 02:00:00,0.7387
2026-02-03 03:00:00,0.7415
2026-02-03 04:00:00,0.743
2026-02-03 05:00:00,0.7967
2026-02-03 06:00:00,0.8182
2026-02-03 07:00:00,0.8111
2026-02-03 08:00:00,0.7926
2026-02-03 09:00:00,0.7758
2026-02-03 10:00:00,0.8164
2026-02-03 11:00:00,0.7775
2026-02-03 12:00:00,0.775
2026-02-03 13:00:00,0.7315
2026-02-03 14:00:00,0.7559
2026-02-03 15:00:00,0.6836
2026-02-03 16:00:00,0.6916
2026-02-03 17:00:00,0.6516
2026-02-03 18:00:00,0.7153
2026-02-03 19:00:00,0.7207
2026-02-03 20:00:00,0.6591
2026-02-03 21:00:00,0.6453
2026-02-03 22:00:00,0.6918
2026-02-03 23:00:00,0.7323
2026-02-04 00:00:00,0.7665
2026-02-04 01:00:00,0.7846
2026-02-04 02:00:00,0.7881
2026-02-04 03:00:00,0.8356
2026-02-04 04:00:00,0.8122
2026-02-04 05:00:00,0.8217
2026-02-04 06:00:00,0.8052
2026-02-04 07:00:00,0.786
2026-02-04 08:00:00,0.773
2026-02-04 09:00:00,0.748
2026-02-04 10:00:00,0.7608
2026-02-04 11:00:00,0.7014
2026-02-04 12:00:00,0.7087
2026-02-04 13:00:00,0.6759
2026-02-04 14:00:00,0.6676
2026-02-04 15:00:00,0.6529
2026-02-04 16:00:00,0.6316
2026-02-04 17:00:00,0.6689
2026-02-04 18:00:00,0.6515
2026-02-04 19:00:00,0.6762
2026-02-04 20:00:00,0.7009
2026-02-04 21:00:00,0.6964
2026-02-04 22:00:00,0.6716
2026-02-04 23:00:00,0.6728
2026-02-05 00:00:00,0.7459
2026-02-05 01:00:00,0.7811
2026-02-05 02:00:00,0.8005
2026-02-05 03:00:00,0.7963
2026-02-05 04:00:00,0.863
2026-02-05 05:00:00,0.8319
2026-02-05 06:00:00,0.8366
2026-02-05 07:00:00,0.8459
2026-02-05 08:00:00,0.792
2026-02-05 09:00:00,0.7623
2026-02-05 10:00:00,0.7421
2026-02-05 11:00:00,0.7594
2026-02-05 12:00:00,0.7257
2026-02-05 13:00:00,0.6653
2026-02-05 14:00:00,0.6144
2026-02-05 15:00:00,0.5978
2026-02-05 16:00:00,0.5635
2026-02-05 17:00:00,0.6078
2026-02-05 18:00:00,0.6441
2026-02-05 19:00:00,0.6513
2026-02-05 20:00:00,0.6549
2026-02-05 21:00:00,0.695
2026-02-05 22:00:00,0.7306
2026-02-05 23:00:00,0.7135
2026-02-06 00:00:00,0.7126
2026-02-06 01:00:00,0.7648
2026-02-06 02:00:00,0.794
2026-02-06 03:00:00,0.8281
2026-02-06 04:00:00,0.8085
2026-02-06 05:00:00,0.7974
2026-02-06 06:00:00,0.8228
2026-02-06 07:00:00,0.8017
2026-02-06 08:00:00,0.7001
2026-02-06 09:00:00,0.6847
2026-02-06 10:00:00,0.6797
2026-02-06 11:00:00,0.7255
2026-02-06 12:00:00,0.6751
2026-02-06 13:00:00,0.656
2026-02-06 14:00:00,0.7008
2026-02-06 15:00:00,0.6362
2026-02-06 16:00:00,0.6415
2026-02-06 17:00:00,0.6054
2026-02-06 18:00:00,0.6161
2026-02-06 19:00:00,0.6869
2026-02-06 20:00:00,0.698
2026-02-06 21:00:00,0.6942
2026-02-06 22:00:00,0.6663
2026-02-06 23:00:00,0.6774
2026-02-07 00:00:00,0.681
2026-02-07 01:00:00,0.6632
2026-02-07 02:00:00,0.6348
2026-02-07 03:00:00,0.6562
2026-02-07 04:00:00,0.6964
2026-02-07 05:00:00,0.8138
2026-02-07 06:00:00,0.7997
2026-02-07 07:00:00,0.8126
2026-02-07 08:00:00,0.7588
2026-02-07 09:00:00,0.7397
2026-02-07 10:00:00,0.6687
2026-02-07 11:00:00,0.7502
2026-02-07 12:00:00,0.7407
2026-02-07 13:00:00,0.7266
2026-02-07 14:00:00,0.7229
2026-02-07 15:00:00,0.7772
2026-02-07 16:00:00,0.7266
2026-02-07 17:00:00,0.6749
2026-02-07 18:00:00,0.7304
2026-02-07 19:00:00,0.6784
2026-02-07 20:00:00,0.7233
2026-02-07 21:00:00,0.7218
2026-02-07 22:00:00,0.7439
2026-02-07 23:00:00,0.7115
2026-02-08 00:00:00,0.8163
2026-02-08 01:00:00,0.8087
2026-02-08 02:00:00,0.7983
2026-02-08 03:00:00,0.8311
2026-02-08 04:00:00,0.8198
2026-02-08 05:00:00,0.8426
2026-02-08 06:00:00,0.8051
2026-02-08 07:00:00,0.8154
2026-02-08 08:00:00,0.794
2026-02-08 09:00:00,0.7657
2026-02-08 10:00:00,0.7328
2026-02-08 11:00:00,0.7561
2026-02-08 12:00:00,0.7285
2026-02-08 13:00:00,0.7075
2026-02-08 14:00:00,0.7061
2026-02-08 15:00:00,0.7236
2026-02-08 16:00:00,0.6735
2026-02-08 17:00:00,0.6729
2026-02-08 18:00:00,0.6419
2026-02-08 19:00:00,0.6455
2026-02-08 20:00:00,0.6928
2026-02-08 21:00:00,0.6319
2026-02-08 22:00:00,0.6386
2026-02-08 23:00:00,0.6721
2026-02-09 00:00:00,0.7217
2026-02-09 01:00:00,0.7888
2026-02-09 02:00:00,0.7543
2026-02-09 03:00:00,0.8257
2026-02-09 04:00:00,0.8511
2026-02-09 05:00:00,0.8453
2026-02-09 06:00:00,0.8011
2026-02-09 07:00:00,0.7911
2026-02-09 08:00:00,0.8255
2026-02-09 09:00:00,0.8129
2026-02-09 10:00:00,0.7898
2026-02-09 11:00:00,0.7416
2026-02-09 12:00:00,0.7508
2026-02-09 13:00:00,0.7248
2026-02-09 14:00:00,0.6988
2026-02-09 15:00:00,0.6815
2026-02-09 16:00:00,0.6517
2026-02-09 17:00:00,0.6264
2026-02-09 18:00:00,0.5902
2026-02-09 19:00:00,0.5962
2026-02-09 20:00:00,0.5715
2026-02-09 21:00:00,0.6297
2026-02-09 22:00:00,0.6449
2026-02-09 23:00:00,0.6719
2026-02-10 00:00:00,0.7093
2026-02-10 01:00:00,0.7194
2026-02-10 02:00:00,0.7202
2026-02-10 03:00:00,0.7655
2026-02-10 04:00:00,0.849
2026-02-10 05:00:00,0.8785
2026-02-10 06:00:00,0.9076
2026-02-10 07:00:00,0.8463
2026-02-10 08:00:00,0.8289
2026-02-10 09:00:00,0.8088
2026-02-10 10:00:00,0.8353
2026-02-10 11:00:00,0.8312
2026-02-10 12:00:00,0.7886
2026-02-10 13:00:00,0.688
2026-02-10 14:00:00,0.6448
2026-02-10 15:00:00,0.6647
2026-02-10 16:00:00,0.6495
2026-02-10 17:00:00,0.6461
2026-02-10 18:00:00,0.6687
2026-02-10 19:00:00,0.7054
2026-02-10 20:00:00,0.681
2026-02-10 21:00:00,0.7119
2026-02-10 22:00:00,0.7726
2026-02-10 23:00:00,0.8187
2026-02-11 00:00:00,0.8004
2026-02-11 01:00:00,0.8181
2026-02-11 02:00:00,0.8492
2026-02-11 03:00:00,0.8525
2026-02-11 04:00:00,0.8477
2026-02-11 05:00:00,0.7985
2026-02-11 06:00:00,0.7859
2026-02-11 07:00:00,0.7769
2026-02-11 08:00:00,0.7471
2026-02-11 09:00:00,0.7593
2026-02-11 10:00:00,0.783
2026-02-11 11:00:00,0.7536
2026-02-11 12:00:00,0.6717
2026-02-11 13:00:00,0.6692
2026-02-11 14:00:00,0.6744
2026-02-11 15:00:00,0.6734
2026-02-11 16:00:00,0.644
2026-02-11 17:00:00,0.6095
2026-02-11 18:00:00,0.6507
2026-02-11 19:00:00,0.6692
2026-02-11 20:00:00,0.6581
2026-02-11 21:00:00,0.6328
2026-02-11 22:00:00,0.6742
2026-02-11 23:00:00,0.6783
2026-02-12 00:00:00,0.7268
2026-02-12 01:00:00,0.7612
2026-02-12 02:00:00,0.8482
2026-02-12 03:00:00,0.8491
2026-02-12 04:00:00,0.9129
2026-02-12 05:00:00,0.9
2026-02-12 06:00:00,0.8651
2026-02-12 07:00:00,0.8233
2026-02-12 08:00:00,0.7922
2026-02-12 09:00:00,0.8016
2026-02-12 10:00:00,0.7915
2026-02-12 11:00:00,0.7174
2026-02-12 12:00:00,0.7425
2026-02-12 13:00:00,0.7682
2026-02-12 14:00:00,0.6823
2026-02-12 15:00:00,0.7034
2026-02-12 16:00:00,0.7379
2026-02-12 17:00:00,0.6596
2026-02-12 18:00:00,0.6463
2026-02-12 19:00:00,0.6303
2026-02-12 20:00:00,0.6798
2026-02-12 21:00:00,0.6813
2026-02-12 22:00:00,0.689
2026-02-12 23:00:00,0.7287
2026-02-13 00:00:00,0.7986
2026-02-13 01:00:00,0.8065
2026-02-13 02:00:00,0.8046
2026-02-13 03:00:00,0.8117
2026-02-13 04:00:00,0.8459
2026-02-13 05:00:00,0.8096
2026-02-13 06:00:00,0.8197
2026-02-13 07:00:00,0.7944
2026-02-13 08:00:00,0.7068
2026-02-13 09:00:00,0.6537
2026-02-13 10:00:00,0.6504
2026-02-13 11:00:00,0.6881
2026-02-13 12:00:00,0.6162
2026-02-13 13:00:00,0.634
2026-02-13 14:00:00,0.6064
2026-02-13 15:00:00,0.5713
2026-02-13 16:00:00,0.5874
2026-02-13 17:00:00,0.6292
2026-02-13 18:00:00,0.6682
2026-02-13 19:00:00,0.6648
2026-02-13 20:00:00,0.6582
2026-02-13 21:00:00,0.6746
2026-02-13 22:00:00,0.757
2026-02-13 23:00:00,0.741
2026-02-14 00:00:00,0.7795
2026-02-14 01:00:00,0.7616
2026-02-14 02:00:00,0.7463
2026-02-14 03:00:00,0.8161
2026-02-14 04:00:00,0.8142
2026-02-14 05:00:00,0.8732
2026-02-14 06:00:00,0.8826
2026-02-14 07:00:00,0.8412
2026-02-14 08:00:00,0.8186
2026-02-14 09:00:00,0.7889
2026-02-14 10:00:00,0.7888
2026-02-14 11:00:00,0.782
2026-02-14 12:00:00,0.7408
2026-02-14 13:00:00,0.7839
2026-02-14 14:00:00,0.7486
2026-02-14 15:00:00,0.7242
2026-02-14 16:00:00,0.7431
2026-02-14 17:00:00,0.6913
2026-02-14 18:00:00,0.6679
2026-02-14 19:00:00,0.6803
2026-02-14 20:00:00,0.6427
2026-02-14 21:00:00,0.6603
2026-02-14 22:00:00,0.7494
2026-02-14 23:00:00,0.8148
2026-02-15 00:00:00,0.8411
2026-02-15 01:00:00,0.8748
2026-02-15 02:00:00,0.8831
2026-02-15 03:00:00,0.8642
2026-02-15 04:00:00,0.9136
2026-02-15 05:00:00,0.8702
2026-02-15 06:00:00,0.8933
2026-02-15 07:00:00,0.8606
2026-02-15 08:00:00,0.8324
2026-02-15 09:00:00,0.8344
2026-02-15 10:00:00,0.8729
2026-02-15 11:00:00,0.8745
2026-02-15 12:00:00,0.8358
2026-02-15 13:00:00,0.7935
2026-02-15 14:00:00,0.78
2026-02-15 15:00:00,0.7849
2026-02-15 16:00:00,0.6938
2026-02-15 17:00:00,0.6785
2026-02-15 18:00:00,0.643
2026-02-15 19:00:00,0.6474
2026-02-15 20:00:00,0.6258
2026-02-15 21:00:00,0.6012
2026-02-15 22:00:00,0.6059
2026-02-15 23:00:00,0.6402
2026-02-16 00:00:00,0.7063
2026-02-16 01:00:00,0.7181
2026-02-16 02:00:00,0.7296
2026-02-16 03:00:00,0.7787
2026-02-16 04:00:00,0.8115
2026-02-16 05:00:00,0.8764
2026-02-16 06:00:00,0.8969
2026-02-16 07:00:00,0.8479
2026-02-16 08:00:00,0.8169
2026-02-16 09:00:00,0.8296
2026-02-16 10:00:00,0.782
2026-02-16 11:00:00,0.7567
2026-02-16 12:00:00,0.6897
2026-02-16 13:00:00,0.6474
2026-02-16 14:00:00,0.6893
2026-02-16 15:00:00,0.6839
2026-02-16 16:00:00,0.6552
2026-02-16 17:00:00,0.6401
2026-02-16 18:00:00,0.6985
2026-02-16 19:00:00,0.6744
2026-02-16 20:00:00,0.6974
2026-02-16 21:00:00,0.7332
2026-02-16 22:00:00,0.7842
2026-02-16 23:00:00,0.7598
2026-02-17 00:00:00,0.733
2026-02-17 01:00:00,0.7288
2026-02-17 02:00:00,0.7855
2026-02-17 03:00:00,0.8669
2026-02-17 04:00:00,0.8897
2026-02-17 05:00:00,0.862
2026-02-17 06:00:00,0.8943
2026-02-17 07:00:00,0.8629
2026-02-17 08:00:00,0.823
2026-02-17 09:00:00,0.8019
2026-02-17 10:00:00,0.7714
2026-02-17 11:00:00,0.738
2026-02-17 12:00:00,0.7644
2026-02-17 13:00:00,0.7251
2026-02-17 14:00:00,0.66
2026-02-17 15:00:00,0.6755
2026-02-17 16:00:00,0.6396
2026-02-17 17:00:00,0.616
2026-02-17 18:00:00,0.651
2026-02-17 19:00:00,0.6383
2026-02-17 20:00:00,0.6438
2026-02-17 21:00:00,0.67
2026-02-17 22:00:00,0.6869
2026-02-17 23:00:00,0.7026
2026-02-18 00:00:00,0.6637
2026-02-18 01:00:00,0.707
2026-02-18 02:00:00,0.7964
2026-02-18 03:00:00,0.8342
2026-02-18 04:00:00,0.832
2026-02-18 05:00:00,0.8546
2026-02-18 06:00:00,0.8724
2026-02-18 07:00:00,0.8361
2026-02-18 08:00:00,0.8666
2026-02-18 09:00:00,0.8483
2026-02-18 10:00:00,0.813
2026-02-18 11:00:00,0.8369
2026-02-18 12:00:00,0.7371
2026-02-18 13:00:00,0.6858
2026-02-18 14:00:00,0.6988
2026-02-18 15:00:00,0.7063
2026-02-18 16:00:00,0.74
2026-02-18 17:00:00,0.6485
2026-02-18 18:00:00,0.6792
2026-02-18 19:00:00,0.6433
2026-02-18 20:00:00,0.6737
2026-02-18 21:00:00,0.6885
2026-02-18 22:00:00,0.7345
2026-02-18 23:00:00,0.7428
2026-02-19 00:00:00,0.7935
2026-02-19 01:00:00,0.781
2026-02-19 02:00:00,0.7991
2026-02-19 03:00:00,0.8231
2026-02-19 04:00:00,0.8858
2026-02-19 05:00:00,0.9044
2026-02-19 06:00:00,0.8958
2026-02-19 07:00:00,0.8976
2026-02-19 08:00:00,0.9059
2026-02-19 09:00:00,0.8832
2026-02-19 10:00:00,0.8169
2026-02-19 11:00:00,0.811
2026-02-19 12:00:00,0.7799
2026-02-19 13:00:00,0.7415
2026-02-19 14:00:00,0.6963
2026-02-19 15:00:00,0.7018
2026-02-19 16:00:00,0.703
2026-02-19 17:00:00,0.661
2026-02-19 18:00:00,0.6295
2026-02-19 19:00:00,0.7017
2026-02-19 20:00:00,0.7292
2026-02-19 21:00:00,0.7332
2026-02-19 22:00:00,0.7596
2026-02-19 23:00:00,0.7541
2026-02-20 00:00:00,0.7663
2026-02-20 01:00:00,0.7871
2026-02-20 02:00:00,0.835
2026-02-20 03:00:00,0.801
2026-02-20 04:00:00,0.7892
2026-02-20 05:00:00,0.7733
2026-02-20 06:00:00,0.821
2026-02-20 07:00:00,0.8218
2026-02-20 08:00:00,0.7364
2026-02-20 09:00:00,0.7281
2026-02-20 10:00:00,0.7018
2026-02-20 11:00:00,0.6511
2026-02-20 12:00:00,0.6881
2026-02-20 13:00:00,0.6664
2026-02-20 14:00:00,0.689
2026-02-20 15:00:00,0.6206
2026-02-20 16:00:00,0.629
2026-02-20 17:00:00,0.5779
2026-02-20 18:00:00,0.661
2026-02-20 19:00:00,0.6006
2026-02-20 20:00:00,0.6693
2026-02-20 21:00:00,0.6716
2026-02-20 22:00:00,0.6763
2026-02-20 23:00:00,0.7107
2026-02-21 00:00:00,0.6969
2026-02-21 01:00:00,0.7448
2026-02-21 02:00:00,0.7862
2026-02-21 03:00:00,0.7934
2026-02-21 04:00:00,0.8066
2026-02-21 05:00:00,0.9203
2026-02-21 06:00:00,0.921
2026-02-21 07:00:00,0.8735
2026-02-21 08:00:00,0.8789
2026-02-21 09:00:00,0.8367
2026-02-21 10:00:00,0.7927
2026-02-21 11:00:00,0.7905
2026-02-21 12:00:00,0.736
2026-02-21 13:00:00,0.7223
2026-02-21 14:00:00,0.7266
2026-02-21 15:00:00,0.764
2026-02-21 16:00:00,0.7519
2026-02-21 17:00:00,0.6812
2026-02-21 18:00:00,0.6382
2026-02-21 19:00:00,0.7034
2026-02-21 20:00:00,0.686
2026-02-21 21:00:00,0.6544
2026-02-21 22:00:00,0.6548
2026-02-21 23:00:00,0.717
2026-02-22 00:00:00,0.7485
2026-02-22 01:00:00,0.7934
2026-02-22 02:00:00,0.81
2026-02-22 03:00:00,0.7927
2026-02-22 04:00:00,0.7606
2026-02-22 05:00:00,0.7648
2026-02-22 06:00:00,0.7933
2026-02-22 07:00:00,0.7697
2026-02-22 08:00:00,0.8113
2026-02-22 09:00:00,0.7744
2026-02-22 10:00:00,0.7204
2026-02-22 11:00:00,0.7233
2026-02-22 12:00:00,0.7409
2026-02-22 13:00:00,0.7694
2026-02-22 14:00:00,0.6922
2026-02-22 15:00:00,0.7248
2026-02-22 16:00:00,0.7103
2026-02-22 17:00:00,0.6769
2026-02-22 18:00:00,0.6951
2026-02-22 19:00:00,0.7335
2026-02-22 20:00:00,0.6765
2026-02-22 21:00:00,0.6803
2026-02-22 22:00:00,0.6875
2026-02-22 23:00:00,0.7356
2026-02-23 00:00:00,0.8026
2026-02-23 01:00:00,0.8153
2026-02-23 02:00:00,0.8182
2026-02-23 03:00:00,0.8453
2026-02-23 04:00:00,0.8452
2026-02-23 05:00:00,0.7859
2026-02-23 06:00:00,0.8205
2026-02-23 07:00:00,0.8546
2026-02-23 08:00:00,0.8753
2026-02-23 09:00:00,0.816
2026-02-23 10:00:00,0.8183
2026-02-23 11:00:00,0.8399
2026-02-23 12:00:00,0.8782
2026-02-23 13:00:00,0.838
2026-02-23 14:00:00,0.8196
2026-02-23 15:00:00,0.7442
2026-02-23 16:00:00,0.6852
2026-02-23 17:00:00,0.7073
2026-02-23 18:00:00,0.6357
2026-02-23 19:00:00,0.6549
2026-02-23 20:00:00,0.7134
2026-02-23 21:00:00,0.7413
2026-02-23 22:00:00,0.7692
2026-02-23 23:00:00,0.7744
2026-02-24 00:00:00,0.7745
2026-02-24 01:00:00,0.8578
2026-02-24 02:00:00,0.8948
2026-02-24 03:00:00,0.9126
2026-02-24 04:00:00,0.9017
2026-02-24 05:00:00,0.8743
2026-02-24 06:00:00,0.9013
2026-02-24 07:00:00,0.8741
2026-02-24 08:00:00,0.8598
2026-02-24 09:00:00,0.8581
2026-02-24 10:00:00,0.8369
2026-02-24 11:00:00,0.854
2026-02-24 12:00:00,0.773
2026-02-24 13:00:00,0.7502
2026-02-24 14:00:00,0.7912
2026-02-24 15:00:00,0.7806
2026-02-24 16:00:00,0.7394
2026-02-24 17:00:00,0.7408
2026-02-24 18:00:00,0.7197
2026-02-24 19:00:00,0.7549
2026-02-24 20:00:00,0.7673
2026-02-24 21:00:00,0.733
2026-02-24 22:00:00,0.7493
2026-02-24 23:00:00,0.7743
2026-02-25 00:00:00,0.801
2026-02-25 01:00:00,0.822
2026-02-25 02:00:00,0.8491
2026-02-25 03:00:00,0.8671
2026-02-25 04:00:00,0.8467
2026-02-25 05:00:00,0.8387
2026-02-25 06:00:00,0.8358
2026-02-25 07:00:00,0.8393
2026-02-25 08:00:00,0.825
2026-02-25 09:00:00,0.8479
2026-02-25 10:00:00,0.7946
2026-02-25 11:00:00,0.7252
2026-02-25 12:00:00,0.7791
2026-02-25 13:00:00,0.7282
2026-02-25 14:00:00,0.7444
2026-02-25 15:00:00,0.7385
2026-02-25 16:00:00,0.6917
2026-02-25 17:00:00,0.6787
2026-02-25 18:00:00,0.6681
2026-02-25 19:00:00,0.6846
2026-02-25 20:00:00,0.6692
2026-02-25 21:00:00,0.6833
2026-02-25 22:00:00,0.7054
2026-02-25 23:00:00,0.7634
2026-02-26 00:00:00,0.767
2026-02-26 01:00:00,0.7588
2026-02-26 02:00:00,0.7705
2026-02-26 03:00:00,0.8092
2026-02-26 04:00:00,0.7737
2026-02-26 05:00:00,0.8359
2026-02-26 06:00:00,0.8422
2026-02-26 07:00:00,0.8542
2026-02-26 08:00:00,0.85
2026-02-26 09:00:00,0.813
2026-02-26 10:00:00,0.766
2026-02-26 11:00:00,0.7359
2026-02-26 12:00:00,0.6827
2026-02-26 13:00:00,0.694
2026-02-26 14:00:00,0.6821
2026-02-26 15:00:00,0.6295
2026-02-26 16:00:00,0.6184
2026-02-26 17:00:00,0.6497
2026-02-26 18:00:00,0.6947
2026-02-26 19:00:00,0.6547
2026-02-26 20:00:00,0.7358
2026-02-26 21:00:00,0.7079
2026-02-26 22:00:00,0.6733
2026-02-26 23:00:00,0.7601
2026-02-27 00:00:00,0.746
2026-02-27 01:00:00,0.8188
2026-02-27 02:00:00,0.8103
2026-02-27 03:00:00,0.8182
2026-02-27 04:00:00,0.7944
2026-02-27 05:00:00,0.8534
2026-02-27 06:00:00,0.8886
2026-02-27 07:00:00,0.855
2026-02-27 08:00:00,0.787
2026-02-27 09:00:00,0.7923
2026-02-27 10:00:00,0.7542
2026-02-27 11:00:00,0.7741
2026-02-27 12:00:00,0.7371
2026-02-27 13:00:00,0.6918
2026-02-27 14:00:00,0.6227
2026-02-27 15:00:00,0.5788
2026-02-27 16:00:00,0.6028
2026-02-27 17:00:00,0.6108
2026-02-27 18:00:00,0.6371
2026-02-27 19:00:00,0.6197
2026-02-27 20:00:00,0.5813
2026-02-27 21:00:00,0.5953
2026-02-27 22:00:00,0.6893
2026-02-27 23:00:00,0.6748
2026-02-28 00:00:00,0.6994
2026-02-28 01:00:00,0.652
2026-02-28 02:00:00,0.6794
2026-02-28 03:00:00,0.7051
2026-02-28 04:00:00,0.7468
2026-02-28 05:00:00,0.8111
2026-02-28 06:00:00,0.7786
2026-02-28 07:00:00,0.7759
2026-02-28 08:00:00,0.7813
2026-02-28 09:00:00,0.7541
2026-02-28 10:00:00,0.7309
2026-02-28 11:00:00,0.7621
2026-02-28 12:00:00,0.7285
2026-02-28 13:00:00,0.73
2026-02-28 14:00:00,0.708
2026-02-28 15:00:00,0.6577
2026-02-28 16:00:00,0.6476
2026-02-28 17:00:00,0.6602
2026-02-28 18:00:00,0.716
2026-02-28 19:00:00,0.6858
2026-02-28 20:00:00,0.6911
2026-02-28 21:00:00,0.7322
2026-02-28 22:00:00,0.7801
2026-02-28 23:00:00,0.7652
2026-03-01 00:00:00,0.7766
2026-03-01 01:00:00,0.8289
2026-03-01 02:00:00,0.8533
2026-03-01 03:00:00,0.8893
2026-03-01 04:00:00,0.9202
2026-03-01 05:00:00,0.9227
2026-03-01 06:00:00,0.909
2026-03-01 07:00:00,0.8697
2026-03-01 08:00:00,0.8479
2026-03-01 09:00:00,0.8267
2026-03-01 10:00:00,0.8449
2026-03-01 11:00:00,0.8195
2026-03-01 12:00:00,0.7943
2026-03-01 13:00:00,0.7346
2026-03-01 14:00:00,0.7529
2026-03-01 15:00:00,0.7041
2026-03-01 16:00:00,0.6826
2026-03-01 17:00:00,0.7162
2026-03-01 18:00:00,0.731
2026-03-01 19:00:00,0.6945
2026-03-01 20:00:00,0.6677
2026-03-01 21:00:00,0.6821
2026-03-01 22:00:00,0.6892
2026-03-01 23:00:00,0.6754
2026-03-02 00:00:00,0.6941
2026-03-02 01:00:00,0.654
2026-03-02 02:00:00,0.7393
2026-03-02 03:00:00,0.8016
2026-03-02 04:00:00,0.8644
2026-03-02 05:00:00,0.8768
2026-03-02 06:00:00,0.8584
2026-03-02 07:00:00,0.8843
2026-03-02 08:00:00,0.8448
2026-03-02 09:00:00,0.7903
2026-03-02 10:00:00,0.7785
2026-03-02 11:00:00,0.7789
2026-03-02 12:00:00,0.7353
2026-03-02 13:00:00,0.6907
2026-03-02 14:00:00,0.6729
2026-03-02 15:00:00,0.6821
2026-03-02 16:00:00,0.6711
2026-03-02 17:00:00,0.7479
2026-03-02 18:00:00,0.7233
2026-03-02 19:00:00,0.7372
2026-03-02 20:00:00,0.6876
2026-03-02 21:00:00,0.7203
2026-03-02 22:00:00,0.7203
2026-03-02 23:00:00,0.7418
2026-03-03 00:00:00,0.8153
2026-03-03 01:00:00,0.8127
2026-03-03 02:00:00,0.7874
2026-03-03 03:00:00,0.7767
2026-03-03 04:00:00,0.8096
2026-03-03 05:00:00,0.8304
2026-03-03 06:00:00,0.8409
2026-03-03 07:00:00,0.8027
2026-03-03 08:00:00,0.8681
2026-03-03 09:00:00,0.8909
2026-03-03 10:00:00,0.8595
2026-03-03 11:00:00,0.7795
2026-03-03 12:00:00,0.8078
2026-03-03 13:00:00,0.8086
2026-03-03 14:00:00,0.7736
2026-03-03 15:00:00,0.7783
2026-03-03 16:00:00,0.7302
2026-03-03 17:00:00,0.6827
2026-03-03 18:00:00,0.6854
2026-03-03 19:00:00,0.6409
2026-03-03 20:00:00,0.6286
2026-03-03 21:00:00,0.6768
2026-03-03 22:00:00,0.7102
2026-03-03 23:00:00,0.6935
2026-03-04 00:00:00,0.7179
2026-03-04 01:00:00,0.7137
2026-03-04 02:00:00,0.7409
2026-03-04 03:00:00,0.76
2026-03-04 04:00:00,0.8224
2026-03-04 05:00:00,0.8315
2026-03-04 06:00:00,0.8323
2026-03-04 07:00:00,0.8235
2026-03-04 08:00:00,0.7708
2026-03-04 09:00:00,0.7742
2026-03-04 10:00:00,0.7862
2026-03-04 11:00:00,0.7795
2026-03-04 12:00:00,0.7813
2026-03-04 13:00:00,0.7778
2026-03-04 14:00:00,0.8144
2026-03-04 15:00:00,0.7381
2026-03-04 16:00:00,0.7233
2026-03-04 17:00:00,0.7172
2026-03-04 18:00:00,0.696
2026-03-04 19:00:00,0.6764
2026-03-04 20:00:00,0.7026
2026-03-04 21:00:00,0.726
2026-03-04 22:00:00,0.7071
2026-03-04 23:00:00,0.679
2026-03-05 00:00:00,0.7051
2026-03-05 01:00:00,0.7247
2026-03-05 02:00:00,0.7817
2026-03-05 03:00:00,0.7798
2026-03-05 04:00:00,0.8017
2026-03-05 05:00:00,0.7703
2026-03-05 06:00:00,0.7492
2026-03-05 07:00:00,0.7525
2026-03-05 08:00:00,0.764
2026-03-05 09:00:00,0.7479
2026-03-05 10:00:00,0.7572
2026-03-05 11:00:00,0.7008
2026-03-05 12:00:00,0.6976
2026-03-05 13:00:00,0.6895
2026-03-05 14:00:00,0.6416
2026-03-05 15:00:00,0.6546
2026-03-05 16:00:00,0.5912
2026-03-05 17:00:00,0.5913
2026-03-05 18:00:00,0.6388
2026-03-05 19:00:00,0.5876
2026-03-05 20:00:00,0.6441
2026-03-05 21:00:00,0.637
2026-03-05 22:00:00,0.6571
2026-03-05 23:00:00,0.7393
2026-03-06 00:00:00,0.7447
2026-03-06 01:00:00,0.822
2026-03-06 02:00:00,0.8247
2026-03-06 03:00:00,0.8362
2026-03-06 04:00:00,0.873
2026-03-06 05:00:00,0.8894
2026-03-06 06:00:00,0.8863
2026-03-06 07:00:00,0.8606
2026-03-06 08:00:00,0.748
2026-03-06 09:00:00,0.7007
2026-03-06 10:00:00,0.7432
2026-03-06 11:00:00,0.7775
2026-03-06 12:00:00,0.7479
2026-03-06 13:00:00,0.6634
2026-03-06 14:00:00,0.6279
2026-03-06 15:00:00,0.598
2026-03-06 16:00:00,0.5837
2026-03-06 17:00:00,0.5647
2026-03-06 18:00:00,0.5964
2026-03-06 19:00:00,0.6161
2026-03-06 20:00:00,0.6766
2026-03-06 21:00:00,0.6685
2026-03-06 22:00:00,0.6883
2026-03-06 23:00:00,0.7266
2026-03-07 00:00:00,0.7698
2026-03-07 01:00:00,0.7394
2026-03-07 02:00:00,0.7713
2026-03-07 03:00:00,0.7895
2026-03-07 04:00:00,0.808
2026-03-07 05:00:00,0.8679
2026-03-07 06:00:00,0.9178
2026-03-07 07:00:00,0.8706
2026-03-07 08:00:00,0.8285
2026-03-07 09:00:00,0.7946
2026-03-07 10:00:00,0.7783
2026-03-07 11:00:00,0.7762
2026-03-07 12:00:00,0.745
2026-03-07 13:00:00,0.7603
2026-03-07 14:00:00,0.7363
2026-03-07 15:00:00,0.7134
2026-03-07 16:00:00,0.6591
2026-03-07 17:00:00,0.7158
2026-03-07 18:00:00,0.7038
2026-03-07 19:00:00,0.7506
2026-03-07 20:00:00,0.723
2026-03-07 21:00:00,0.7541
2026-03-07 22:00:00,0.7426
2026-03-07 23:00:00,0.8136
2026-03-08 00:00:00,0.851
2026-03-08 01:00:00,0.876
2026-03-08 02:00:00,0.8514
2026-03-08 03:00:00,0.9155
2026-03-08 04:00:00,0.9664
2026-03-08 05:00:00,0.9293
2026-03-08 06:00:00,0.9157
2026-03-08 07:00:00,0.9238
2026-03-08 08:00:00,0.8363
2026-03-08 09:00:00,0.8594
2026-03-08 10:00:00,0.8646
2026-03-08 11:00:00,0.8128
2026-03-08 12:00:00,0.7195
2026-03-08 13:00:00,0.7219
2026-03-08 14:00:00,0.675
2026-03-08 15:00:00,0.6247
2026-03-08 16:00:00,0.6465
2026-03-08 17:00:00,0.6918
2026-03-08 18:00:00,0.6815
2026-03-08 19:00:00,0.7213
2026-03-08 20:00:00,0.7407
2026-03-08 21:00:00,0.7009
2026-03-08 22:00:00,0.7047
2026-03-08 23:00:00,0.7643
2026-03-09 00:00:00,0.7652
2026-03-09 01:00:00,0.8135
2026-03-09 02:00:00,0.816
2026-03-09 03:00:00,0.8547
2026-03-09 04:00:00,0.8746
2026-03-09 05:00:00,0.8673
2026-03-09 06:00:00,0.8871
2026-03-09 07:00:00,0.8109
2026-03-09 08:00:00,0.7818
2026-03-09 09:00:00,0.7721
2026-03-09 10:00:00,0.8063
2026-03-09 11:00:00,0.7446
2026-03-09 12:00:00,0.7353
2026-03-09 13:00:00,0.733
2026-03-09 14:00:00,0.7246
2026-03-09 15:00:00,0.7053
2026-03-09 16:00:00,0.6749
2026-03-09 17:00:00,0.6655
2026-03-09 18:00:00,0.6986
2026-03-09 19:00:00,0.6776
2026-03-09 20:00:00,0.6247
2026-03-09 21:00:00,0.6728
2026-03-09 22:00:00,0.7462
2026-03-09 23:00:00,0.7304
2026-03-10 00:00:00,0.7987
2026-03-10 01:00:00,0.8288
2026-03-10 02:00:00,0.8049
2026-03-10 03:00:00,0.8041
2026-03-10 04:00:00,0.803
2026-03-10 05:00:00,0.8285
2026-03-10 06:00:00,0.8332
2026-03-10 07:00:00,0.8702
2026-03-10 08:00:00,0.8827
2026-03-10 09:00:00,0.8125
2026-03-10 10:00:00,0.7579
2026-03-10 11:00:00,0.7717
2026-03-10 12:00:00,0.7406
2026-03-10 13:00:00,0.7222
2026-03-10 14:00:00,0.726
2026-03-10 15:00:00,0.7352
2026-03-10 16:00:00,0.6783
2026-03-10 17:00:00,0.6089
2026-03-10 18:00:00,0.6254
2026-03-10 19:00:00,0.62
2026-03-10 20:00:00,0.6502
2026-03-10 21:00:00,0.6747
2026-03-10 22:00:00,0.6736
2026-03-10 23:00:00,0.7725
2026-03-11 00:00:00,0.7889
2026-03-11 01:00:00,0.7891
2026-03-11 02:00:00,0.8142
2026-03-11 03:00:00,0.848
2026-03-11 04:00:00,0.8383
2026-03-11 05:00:00,0.9187
2026-03-11 06:00:00,0.858
2026-03-11 07:00:00,0.8115
2026-03-11 08:00:00,0.7672
2026-03-11 09:00:00,0.776
2026-03-11 10:00:00,0.7885
2026-03-11 11:00:00,0.7657
2026-03-11 12:00:00,0.766
2026-03-11 13:00:00,0.7596
2026-03-11 14:00:00,0.7259
2026-03-11 15:00:00,0.7224
2026-03-11 16:00:00,0.7004
2026-03-11 17:00:00,0.6794
2026-03-11 18:00:00,0.6648
2026-03-11 19:00:00,0.6812
2026-03-11 20:00:00,0.729
2026-03-11 21:00:00,0.6981
2026-03-11 22:00:00,0.7055
2026-03-11 23:00:00,0.738
2026-03-12 00:00:00,0.8164
2026-03-12 01:00:00,0.8393
2026-03-12 02:00:00,0.8231
2026-03-12 03:00:00,0.811
2026-03-12 04:00:00,0.8604
2026-03-12 05:00:00,0.8557
2026-03-12 06:00:00,0.8216
2026-03-12 07:00:00,0.8595
2026-03-12 08:00:00,0.8592
2026-03-12 09:00:00,0.8065
2026-03-12 10:00:00,0.7563
2026-03-12 11:00:00,0.6875
2026-03-12 12:00:00,0.6771
2026-03-12 13:00:00,0.6913
2026-03-12 14:00:00,0.7165
2026-03-12 15:00:00,0.7158
2026-03-12 16:00:00,0.6625
2026-03-12 17:00:00,0.6561
2026-03-12 18:00:00,0.706
2026-03-12 19:00:00,0.6888
2026-03-12 20:00:00,0.7212
2026-03-12 21:00:00,0.7482
2026-03-12 22:00:00,0.779
2026-03-12 23:00:00,0.7991
2026-03-13 00:00:00,0.8306
2026-03-13 01:00:00,0.7923
2026-03-13 02:00:00,0.8593
2026-03-13 03:00:00,0.8108
2026-03-13 04:00:00,0.8402
2026-03-13 05:00:00,0.8493
2026-03-13 06:00:00,0.8354
2026-03-13 07:00:00,0.8099
2026-03-13 08:00:00,0.7759
2026-03-13 09:00:00,0.7912
2026-03-13 10:00:00,0.7672
2026-03-13 11:00:00,0.7365
2026-03-13 12:00:00,0.7543
2026-03-13 13:00:00,0.7099
2026-03-13 14:00:00,0.6846
2026-03-13 15:00:00,0.6587
2026-03-13 16:00:00,0.7195
2026-03-13 17:00:00,0.6652
2026-03-13 18:00:00,0.6795
2026-03-13 19:00:00,0.6188
2026-03-13 20:00:00,0.6038
2026-03-13 21:00:00,0.6198
2026-03-13 22:00:00,0.6446
2026-03-13 23:00:00,0.666
2026-03-14 00:00:00,0.6939
2026-03-14 01:00:00,0.7024
2026-03-14 02:00:00,0.7726
2026-03-14 03:00:00,0.7573
2026-03-14 04:00:00,0.7994
2026-03-14 05:00:00,0.8816
2026-03-14 06:00:00,0.8491
2026-03-14 07:00:00,0.8382
2026-03-14 08:00:00,0.8349
2026-03-14 09:00:00,0.8755
2026-03-14 10:00:00,0.8355
2026-03-14 11:00:00,0.9187
2026-03-14 12:00:00,0.8856
2026-03-14 13:00:00,0.843
2026-03-14 14:00:00,0.8238
2026-03-14 15:00:00,0.7291
2026-03-14 16:00:00,0.7468
2026-03-14 17:00:00,0.686
2026-03-14 18:00:00,0.7112
2026-03-14 19:00:00,0.6904
2026-03-14 20:00:00,0.6757
2026-03-14 21:00:00,0.7496
2026-03-14 22:00:00,0.7546
2026-03-14 23:00:00,0.7229
2026-03-15 00:00:00,0.7825
2026-03-15 01:00:00,0.7656
2026-03-15 02:00:00,0.8355
2026-03-15 03:00:00,0.8474
2026-03-15 04:00:00,0.819
2026-03-15 05:00:00,0.8601
2026-03-15 06:00:00,0.8775
2026-03-15 07:00:00,0.8056
2026-03-15 08:00:00,0.8092
2026-03-15 09:00:00,0.8153
2026-03-15 10:00:00,0.81
2026-03-15 11:00:00,0.7855
2026-03-15 12:00:00,0.7885
2026-03-15 13:00:00,0.7792
2026-03-15 14:00:00,0.7517
2026-03-15 15:00:00,0.7209
2026-03-15 16:00:00,0.7095
2026-03-15 17:00:00,0.6799
2026-03-15 18:00:00,0.6492
2026-03-15 19:00:00,0.629
2026-03-15 20:00:00,0.6515
2026-03-15 21:00:00,0.6524
2026-03-15 22:00:00,0.6818
2026-03-15 23:00:00,0.7554
2026-03-16 00:00:00,0.7695
2026-03-16 01:00:00,0.7962
2026-03-16 02:00:00,0.809
2026-03-16 03:00:00,0.867
2026-03-16 04:00:00,0.9202
2026-03-16 05:00:00,0.8934
2026-03-16 06:00:00,0.9067
2026-03-16 07:00:00,0.9522
2026-03-16 08:00:00,0.881
2026-03-16 09:00:00,0.8865
2026-03-16 10:00:00,0.8009
2026-03-16 11:00:00,0.7845
2026-03-16 12:00:00,0.7604
2026-03-16 13:00:00,0.6898
2026-03-16 14:00:00,0.7181
2026-03-16 15:00:00,0.7074
2026-03-16 16:00:00,0.6666
2026-03-16 17:00:00,0.6761
2026-03-16 18:00:00,0.7033
2026-03-16 19:00:00,0.6477
2026-03-16 20:00:00,0.5727
2026-03-16 21:00:00,0.6192
2026-03-16 22:00:00,0.6387
2026-03-16 23:00:00,0.7238
2026-03-17 00:00:00,0.7409
2026-03-17 01:00:00,0.7798
2026-03-17 02:00:00,0.7976
2026-03-17 03:00:00,0.7724
2026-03-17 04:00:00,0.8023
2026-03-17 05:00:00,0.7819
2026-03-17 06:00:00,0.7625
2026-03-17 07:00:00,0.7518
2026-03-17 08:00:00,0.735
2026-03-17 09:00:00,0.7448
2026-03-17 10:00:00,0.7384
2026-03-17 11:00:00,0.7463
2026-03-17 12:00:00,0.6889
2026-03-17 13:00:00,0.6811
2026-03-17 14:00:00,0.6639
2026-03-17 15:00:00,0.6691
2026-03-17 16:00:00,0.6734
2026-03-17 17:00:00,0.6749
2026-03-17 18:00:00,0.6448
2026-03-17 19:00:00,0.6585
2026-03-17 20:00:00,0.6586
2026-03-17 21:00:00,0.7208
2026-03-17 22:00:00,0.7374
2026-03-17 23:00:00,0.7561
2026-03-18 00:00:00,0.736
2026-03-18 01:00:00,0.7484
2026-03-18 02:00:00,0.7874
2026-03-18 03:00:00,0.8082
2026-03-18 04:00:00,0.8236
2026-03-18 05:00:00,0.7835
2026-03-18 06:00:00,0.7796
2026-03-18 07:00:00,0.7879
2026-03-18 08:00:00,0.8318
2026-03-18 09:00:00,0.7631
2026-03-18 10:00:00,0.7312
2026-03-18 11:00:00,0.6747
2026-03-18 12:00:00,0.6935
2026-03-18 13:00:00,0.7266
2026-03-18 14:00:00,0.721
2026-03-18 15:00:00,0.7206
2026-03-18 16:00:00,0.6711
2026-03-18 17:00:00,0.6788
2026-03-18 18:00:00,0.6532
2026-03-18 19:00:00,0.6647
2026-03-18 20:00:00,0.6926
2026-03-18 21:00:00,0.6963
2026-03-18 22:00:00,0.7401
2026-03-18 23:00:00,0.7499
2026-03-19 00:00:00,0.7773
2026-03-19 01:00:00,0.8517
2026-03-19 02:00:00,0.868
2026-03-19 03:00:00,0.8452
2026-03-19 04:00:00,0.8376
2026-03-19 05:00:00,0.8715
2026-03-19 06:00:00,0.8978
2026-03-19 07:00:00,0.8793
2026-03-19 08:00:00,0.8148
2026-03-19 09:00:00,0.7782
2026-03-19 10:00:00,0.7779
2026-03-19 11:00:00,0.7818
2026-03-19 12:00:00,0.7901
2026-03-19 13:00:00,0.6987
2026-03-19 14:00:00,0.7154
2026-03-19 15:00:00,0.7411
2026-03-19 16:00:00,0.6442
2026-03-19 17:00:00,0.6472
2026-03-19 18:00:00,0.6755
2026-03-19 19:00:00,0.6357
2026-03-19 20:00:00,0.6408
2026-03-19 21:00:00,0.6836
2026-03-19 22:00:00,0.6898
2026-03-19 23:00:00,0.7068
2026-03-20 00:00:00,0.7438
2026-03-20 01:00:00,0.7348
2026-03-20 02:00:00,0.7361
2026-03-20 03:00:00,0.7858
2026-03-20 04:00:00,0.8369
2026-03-20 05:00:00,0.8559
2026-03-20 06:00:00,0.8951
2026-03-20 07:00:00,0.8902
2026-03-20 08:00:00,0.8679
2026-03-20 09:00:00,0.8307
2026-03-20 10:00:00,0.8016
2026-03-20 11:00:00,0.7772
2026-03-20 12:00:00,0.7215
2026-03-20 13:00:00,0.6707
2026-03-20 14:00:00,0.6258
2026-03-20 15:00:00,0.6008
2026-03-20 16:00:00,0.6608
2026-03-20 17:00:00,0.6977
2026-03-20 18:00:00,0.663
2026-03-20 19:00:00,0.6402
2026-03-20 20:00:00,0.5783
2026-03-20 21:00:00,0.5757
2026-03-20 22:00:00,0.5872
2026-03-20 23:00:00,0.6144
2026-03-21 00:00:00,0.6372
2026-03-21 01:00:00,0.6833
2026-03-21 02:00:00,0.738
2026-03-21 03:00:00,0.735
2026-03-21 04:00:00,0.7986
2026-03-21 05:00:00,0.8654
2026-03-21 06:00:00,0.887
2026-03-21 07:00:00,0.8576
2026-03-21 08:00:00,0.8596
2026-03-21 09:00:00,0.8508
2026-03-21 10:00:00,0.867
2026-03-21 11:00:00,0.8463
2026-03-21 12:00:00,0.8302
2026-03-21 13:00:00,0.7709
2026-03-21 14:00:00,0.7753
2026-03-21 15:00:00,0.7014
2026-03-21 16:00:00,0.6684
2026-03-21 17:00:00,0.6715
2026-03-21 18:00:00,0.6339
2026-03-21 19:00:00,0.6186
2026-03-21 20:00:00,0.614
2026-03-21 21:00:00,0.6571
2026-03-21 22:00:00,0.6798
2026-03-21 23:00:00,0.7377
2026-03-22 00:00:00,0.814
2026-03-22 01:00:00,0.8268
2026-03-22 02:00:00,0.8172
2026-03-22 03:00:00,0.8394
2026-03-22 04:00:00,0.8184
2026-03-22 05:00:00,0.8269
2026-03-22 06:00:00,0.9055
2026-03-22 07:00:00,0.8771
2026-03-22 08:00:00,0.8655
2026-03-22 09:00:00,0.8357
2026-03-22 10:00:00,0.7989
2026-03-22 11:00:00,0.7913
2026-03-22 12:00:00,0.7259
2026-03-22 13:00:00,0.7058
2026-03-22 14:00:00,0.6509
2026-03-22 15:00:00,0.6956
2026-03-22 16:00:00,0.7101
2026-03-22 17:00:00,0.6692
2026-03-22 18:00:00,0.6102
2026-03-22 19:00:00,0.6431
2026-03-22 20:00:00,0.6571
2026-03-22 21:00:00,0.7432
2026-03-22 22:00:00,0.7877
2026-03-22 23:00:00,0.8046
2026-03-23 00:00:00,0.789
2026-03-23 01:00:00,0.792
2026-03-23 02:00:00,0.8156
2026-03-23 03:00:00,0.837
2026-03-23 04:00:00,0.8214
2026-03-23 05:00:00,0.7891
2026-03-23 06:00:00,0.8614
2026-03-23 07:00:00,0.8516
2026-03-23 08:00:00,0.8498
2026-03-23 09:00:00,0.8027
2026-03-23 10:00:00,0.8275
2026-03-23 11:00:00,0.8277
2026-03-23 12:00:00,0.7912
2026-03-23 13:00:00,0.7633
2026-03-23 14:00:00,0.7407
2026-03-23 15:00:00,0.7159
2026-03-23 16:00:00,0.711
2026-03-23 17:00:00,0.7032
2026-03-23 18:00:00,0.6842
2026-03-23 19:00:00,0.6457
2026-03-23 20:00:00,0.6587
2026-03-23 21:00:00,0.6986
2026-03-23 22:00:00,0.7329
2026-03-23 23:00:00,0.7845
2026-03-24 00:00:00,0.8321
2026-03-24 01:00:00,0.851
2026-03-24 02:00:00,0.8538
2026-03-24 03:00:00,0.8632
2026-03-24 04:00:00,0.8433
2026-03-24 05:00:00,0.869
2026-03-24 06:00:00,0.8999
2026-03-24 07:00:00,0.9086
2026-03-24 08:00:00,0.894
2026-03-24 09:00:00,0.8521
2026-03-24 10:00:00,0.8105
2026-03-24 11:00:00,0.7786
2026-03-24 12:00:00,0.7313
2026-03-24 13:00:00,0.7211
2026-03-24 14:00:00,0.617
2026-03-24 15:00:00,0.6068
2026-03-24 16:00:00,0.6169
2026-03-24 17:00:00,0.6983
2026-03-24 18:00:00,0.6852
2026-03-24 19:00:00,0.6818
2026-03-24 20:00:00,0.6595
2026-03-24 21:00:00,0.7274
2026-03-24 22:00:00,0.7081
2026-03-24 23:00:00,0.7874
2026-03-25 00:00:00,0.7685
2026-03-25 01:00:00,0.8115
2026-03-25 02:00:00,0.8171
2026-03-25 03:00:00,0.8088
2026-03-25 04:00:00,0.8508
2026-03-25 05:00:00,0.8893
2026-03-25 06:00:00,0.8683
2026-03-25 07:00:00,0.8531
2026-03-25 08:00:00,0.824
2026-03-25 09:00:00,0.8147
2026-03-25 10:00:00,0.7606
2026-03-25 11:00:00,0.6658
2026-03-25 12:00:00,0.6149
2026-03-25 13:00:00,0.6216
2026-03-25 14:00:00,0.5962
2026-03-25 15:00:00,0.6036
2026-03-25 16:00:00,0.5963
2026-03-25 17:00:00,0.5863
2026-03-25 18:00:00,0.5841
2026-03-25 19:00:00,0.6359
2026-03-25 20:00:00,0.6576
2026-03-25 21:00:00,0.7205
2026-03-25 22:00:00,0.7298
2026-03-25 23:00:00,0.6838
2026-03-26 00:00:00,0.684
2026-03-26 01:00:00,0.7249
2026-03-26 02:00:00,0.7629
2026-03-26 03:00:00,0.7681
2026-03-26 04:00:00,0.7664
2026-03-26 05:00:00,0.7696
2026-03-26 06:00:00,0.7825
2026-03-26 07:00:00,0.7896
2026-03-26 08:00:00,0.7568
2026-03-26 09:00:00,0.7661
2026-03-26 10:00:00,0.7647
2026-03-26 11:00:00,0.7453
2026-03-26 12:00:00,0.7067
2026-03-26 13:00:00,0.7135
2026-03-26 14:00:00,0.7333
2026-03-26 15:00:00,0.6915
2026-03-26 16:00:00,0.6552
2026-03-26 17:00:00,0.663
2026-03-26 18:00:00,0.6228
2026-03-26 19:00:00,0.5956
2026-03-26 20:00:00,0.6012
2026-03-26 21:00:00,0.6413
2026-03-26 22:00:00,0.6423
2026-03-26 23:00:00,0.6767
2026-03-27 00:00:00,0.649
2026-03-27 01:00:00,0.7139
2026-03-27 02:00:00,0.79
2026-03-27 03:00:00,0.777
2026-03-27 04:00:00,0.8091
2026-03-27 05:00:00,0.8114
2026-03-27 06:00:00,0.8192
2026-03-27 07:00:00,0.8093
2026-03-27 08:00:00,0.739
2026-03-27 09:00:00,0.7046
2026-03-27 10:00:00,0.6641
2026-03-27 11:00:00,0.6929
2026-03-27 12:00:00,0.623
2026-03-27 13:00:00,0.6163
2026-03-27 14:00:00,0.6054
2026-03-27 15:00:00,0.5952
2026-03-27 16:00:00,0.6083
2026-03-27 17:00:00,0.5879
2026-03-27 18:00:00,0.6071
2026-03-27 19:00:00,0.6658
2026-03-27 20:00:00,0.6504
2026-03-27 21:00:00,0.5902
2026-03-27 22:00:00,0.6114
2026-03-27 23:00:00,0.6315
2026-03-28 00:00:00,0.6724
2026-03-28 01:00:00,0.6362
2026-03-28 02:00:00,0.6842
2026-03-28 03:00:00,0.6993
2026-03-28 04:00:00,0.7476
2026-03-28 05:00:00,0.7965
2026-03-28 06:00:00,0.8305
2026-03-28 07:00:00,0.7785
2026-03-28 08:00:00,0.7806
2026-03-28 09:00:00,0.7449
2026-03-28 10:00:00,0.7258
2026-03-28 11:00:00,0.8004
2026-03-28 12:00:00,0.7368
2026-03-28 13:00:00,0.7021
2026-03-28 14:00:00,0.6493
2026-03-28 15:00:00,0.6335
2026-03-28 16:00:00,0.626
2026-03-28 17:00:00,0.6042
2026-03-28 18:00:00,0.661
2026-03-28 19:00:00,0.6943
2026-03-28 20:00:00,0.6615
2026-03-28 21:00:00,0.6982
2026-03-28 22:00:00,0.6935
2026-03-28 23:00:00,0.6755
2026-03-29 00:00:00,0.685
2026-03-29 01:00:00,0.6819
2026-03-29 02:00:00,0.7502
2026-03-29 03:00:00,0.7476
2026-03-29 04:00:00,0.8115
2026-03-29 05:00:00,0.8218
2026-03-29 06:00:00,0.8096
2026-03-29 07:00:00,0.7929
2026-03-29 08:00:00,0.842
2026-03-29 09:00:00,0.8177
2026-03-29 10:00:00,0.7769
2026-03-29 11:00:00,0.7803
2026-03-29 12:00:00,0.7675
2026-03-29 13:00:00,0.7048
2026-03-29 14:00:00,0.6848
2026-03-29 15:00:00,0.6131
2026-03-29 16:00:00,0.6139
2026-03-29 17:00:00,0.6261
2026-03-29 18:00:00,0.642
2026-03-29 19:00:00,0.6151
2026-03-29 20:00:00,0.6098
2026-03-29 21:00:00,0.643
2026-03-29 22:00:00,0.7048
2026-03-29 23:00:00,0.7223
2026-03-30 00:00:00,0.7227
2026-03-30 01:00:00,0.7749
2026-03-30 02:00:00,0.7919
2026-03-30 03:00:00,0.8084
2026-03-30 04:00:00,0.8396
2026-03-30 05:00:00,0.8341
2026-03-30 06:00:00,0.8017
2026-03-30 07:00:00,0.7967
2026-03-30 08:00:00,0.8247
2026-03-30 09:00:00,0.8608
2026-03-30 10:00:00,0.7855
2026-03-30 11:00:00,0.8092
2026-03-30 12:00:00,0.7588
2026-03-30 13:00:00,0.728
2026-03-30 14:00:00,0.7514
2026-03-30 15:00:00,0.7022
2026-03-30 16:00:00,0.6699
2026-03-30 17:00:00,0.6368
2026-03-30 18:00:00,0.6365
2026-03-30 19:00:00,0.6495
2026-03-30 20:00:00,0.6353
2026-03-30 21:00:00,0.6965
2026-03-30 22:00:00,0.6825
2026-03-30 23:00:00,0.7176
2026-03-31 00:00:00,0.7359
2026-03-31 01:00:00,0.7917
2026-03-31 02:00:00,0.7751
2026-03-31 03:00:00,0.8072
2026-03-31 04:00:00,0.8866
2026-03-31 05:00:00,0.8266
2026-03-31 06:00:00,0.7964
2026-03-31 07:00:00,0.8592
2026-03-31 08:00:00,0.8314
2026-03-31 09:00:00,0.8114
2026-03-31 10:00:00,0.7757
2026-03-31 11:00:00,0.8017
2026-03-31 12:00:00,0.7151
2026-03-31 13:00:00,0.7321
2026-03-31 14:00:00,0.6582
2026-03-31 15:00:00,0.5994
2026-03-31 16:00:00,0.5706
2026-03-31 17:00:00,0.5799
2026-03-31 18:00:00,0.5721
2026-03-31 19:00:00,0.5697
2026-03-31 20:00:00,0.5697
2026-03-31 21:00:00,0.5776
2026-03-31 22:00:00,0.5904
2026-03-31 23:00:00,0.6425
2026-04-01 00:00:00,0.6611
2026-04-01 01:00:00,0.6197
2026-04-01 02:00:00,0.6733
2026-04-01 03:00:00,0.7384
2026-04-01 04:00:00,0.7551
2026-04-01 05:00:00,0.7365
2026-04-01 06:00:00,0.78
2026-04-01 07:00:00,0.7428
2026-04-01 08:00:00,0.741
2026-04-01 09:00:00,0.7414
2026-04-01 10:00:00,0.7667
2026-04-01 11:00:00,0.7621
2026-04-01 12:00:00,0.7412
2026-04-01 13:00:00,0.7408
2026-04-01 14:00:00,0.6732
2026-04-01 15:00:00,0.7037
2026-04-01 16:00:00,0.5855
2026-04-01 17:00:00,0.6364
2026-04-01 18:00:00,0.6081
2026-04-01 19:00:00,0.6293
2026-04-01 20:00:00,0.683
2026-04-01 21:00:00,0.7024
2026-04-01 22:00:00,0.7186
2026-04-01 23:00:00,0.7528
2026-04-02 00:00:00,0.7143
2026-04-02 01:00:00,0.6971
2026-04-02 02:00:00,0.7375
2026-04-02 03:00:00,0.7552
2026-04-02 04:00:00,0.7654
2026-04-02 05:00:00,0.8179
2026-04-02 06:00:00,0.8499
2026-04-02 07:00:00,0.8058
2026-04-02 08:00:00,0.8084
2026-04-02 09:00:00,0.7427
2026-04-02 10:00:00,0.6868
2026-04-02 11:00:00,0.6595
2026-04-02 12:00:00,0.6578
2026-04-02 13:00:00,0.6323
2026-04-02 14:00:00,0.6424
2026-04-02 15:00:00,0.6328
2026-04-02 16:00:00,0.6589
2026-04-02 17:00:00,0.6619
2026-04-02 18:00:00,0.6196
2026-04-02 19:00:00,0.6524
2026-04-02 20:00:00,0.6294
2026-04-02 21:00:00,0.6584
2026-04-02 22:00:00,0.6601
2026-04-02 23:00:00,0.7235
2026-04-03 00:00:00,0.7586
2026-04-03 01:00:00,0.7473
2026-04-03 02:00:00,0.753
2026-04-03 03:00:00,0.8695
2026-04-03 04:00:00,0.8183
2026-04-03 05:00:00,0.7964
2026-04-03 06:00:00,0.7789
2026-04-03 07:00:00,0.7466
2026-04-03 08:00:00,0.665
2026-04-03 09:00:00,0.6668
2026-04-03 10:00:00,0.6778
2026-04-03 11:00:00,0.6157
2026-04-03 12:00:00,0.5965
2026-04-03 13:00:00,0.5674
2026-04-03 14:00:00,0.5307
2026-04-03 15:00:00,0.5664
2026-04-03 16:00:00,0.5385
2026-04-03 17:00:00,0.5014
2026-04-03 18:00:00,0.5454
2026-04-03 19:00:00,0.5931
2026-04-03 20:00:00,0.6034
2026-04-03 21:00:00,0.5829
2026-04-03 22:00:00,0.5958
2026-04-03 23:00:00,0.6016
2026-04-04 00:00:00,0.6311
2026-04-04 01:00:00,0.6815
2026-04-04 02:00:00,0.7001
2026-04-04 03:00:00,0.717
2026-04-04 04:00:00,0.7146
2026-04-04 05:00:00,0.802
2026-04-04 06:00:00,0.8132
2026-04-04 07:00:00,0.75
2026-04-04 08:00:00,0.6998
2026-04-04 09:00:00,0.6997
2026-04-04 10:00:00,0.7308
2026-04-04 11:00:00,0.7512
2026-04-04 12:00:00,0.7464
2026-04-04 13:00:00,0.7095
2026-04-04 14:00:00,0.7266
2026-04-04 15:00:00,0.6704
2026-04-04 16:00:00,0.6406
2026-04-04 17:00:00,0.5879
2026-04-04 18:00:00,0.5854
2026-04-04 19:00:00,0.573
2026-04-04 20:00:00,0.6425
2026-04-04 21:00:00,0.6939
2026-04-04 22:00:00,0.7005
2026-04-04 23:00:00,0.7251
2026-04-05 00:00:00,0.7179
2026-04-05 01:00:00,0.6609
2026-04-05 02:00:00,0.6777
2026-04-05 03:00:00,0.7379
2026-04-05 04:00:00,0.7727
2026-04-05 05:00:00,0.7716
2026-04-05 06:00:00,0.8016
2026-04-05 07:00:00,0.7818
2026-04-05 08:00:00,0.7409
2026-04-05 09:00:00,0.7606
2026-04-05 10:00:00,0.7262
2026-04-05 11:00:00,0.7428
2026-04-05 12:00:00,0.6567
2026-04-05 13:00:00,0.6314
2026-04-05 14:00:00,0.6435
2026-04-05 15:00:00,0.6462
2026-04-05 16:00:00,0.6258
2026-04-05 17:00:00,0.6276
2026-04-05 18:00:00,0.6276
2026-04-05 19:00:00,0.5837
2026-04-05 20:00:00,0.5923
2026-04-05 21:00:00,0.6235
2026-04-05 22:00:00,0.6622
2026-04-05 23:00:00,0.6807
2026-04-06 00:00:00,0.6866
2026-04-06 01:00:00,0.6735
2026-04-06 02:00:00,0.7313
2026-04-06 03:00:00,0.7725
2026-04-06 04:00:00,0.8132
2026-04-06 05:00:00,0.7793
2026-04-06 06:00:00,0.7877
2026-04-06 07:00:00,0.7642
2026-04-06 08:00:00,0.7631
2026-04-06 09:00:00,0.8406
2026-04-06 10:00:00,0.8284
2026-04-06 11:00:00,0.762
2026-04-06 12:00:00,0.722
2026-04-06 13:00:00,0.6837
2026-04-06 14:00:00,0.6661
2026-04-06 15:00:00,0.601
2026-04-06 16:00:00,0.6087
2026-04-06 17:00:00,0.5423
2026-04-06 18:00:00,0.5109
2026-04-06 19:00:00,0.6035
2026-04-06 20:00:00,0.6057
2026-04-06 21:00:00,0.6682
2026-04-06 22:00:00,0.654
2026-04-06 23:00:00,0.6128
2026-04-07 00:00:00,0.6219
2026-04-07 01:00:00,0.7467
2026-04-07 02:00:00,0.7182
2026-04-07 03:00:00,0.7961
2026-04-07 04:00:00,0.8101
2026-04-07 05:00:00,0.8121
2026-04-07 06:00:00,0.7843
2026-04-07 07:00:00,0.7546
2026-04-07 08:00:00,0.7708
2026-04-07 09:00:00,0.7976
2026-04-07 10:00:00,0.7754
2026-04-07 11:00:00,0.7678
2026-04-07 12:00:00,0.7201
2026-04-07 13:00:00,0.7575
2026-04-07 14:00:00,0.7217
2026-04-07 15:00:00,0.7469
2026-04-07 16:00:00,0.6742
2026-04-07 17:00:00,0.6507
2026-04-07 18:00:00,0.6704
2026-04-07 19:00:00,0.6617
2026-04-07 20:00:00,0.673
2026-04-07 21:00:00,0.6437
2026-04-07 22:00:00,0.6476
2026-04-07 23:00:00,0.6441
2026-04-08 00:00:00,0.6725
2026-04-08 01:00:00,0.6959
2026-04-08 02:00:00,0.7072
2026-04-08 03:00:00,0.753
2026-04-08 04:00:00,0.7358
2026-04-08 05:00:00,0.6897
2026-04-08 06:00:00,0.7005
2026-04-08 07:00:00,0.785
2026-04-08 08:00:00,0.7902
2026-04-08 09:00:00,0.7457
2026-04-08 10:00:00,0.7446
2026-04-08 11:00:00,0.7185
2026-04-08 12:00:00,0.7081
2026-04-08 13:00:00,0.7092
2026-04-08 14:00:00,0.6847
2026-04-08 15:00:00,0.662
2026-04-08 16:00:00,0.6857
2026-04-08 17:00:00,0.6756
2026-04-08 18:00:00,0.6612
2026-04-08 19:00:00,0.6511
2026-04-08 20:00:00,0.6321
2026-04-08 21:00:00,0.6053
2026-04-08 22:00:00,0.6513
2026-04-08 23:00:00,0.7104
2026-04-09 00:00:00,0.7347
2026-04-09 01:00:00,0.7625
2026-04-09 02:00:00,0.7435
2026-04-09 03:00:00,0.7414
2026-04-09 04:00:00,0.7201
2026-04-09 05:00:00,0.7344
2026-04-09 06:00:00,0.7785
2026-04-09 07:00:00,0.7548
2026-04-09 08:00:00,0.75
2026-04-09 09:00:00,0.7624
2026-04-09 10:00:00,0.7785
2026-04-09 11:00:00,0.6967
2026-04-09 12:00:00,0.6656
2026-04-09 13:00:00,0.6291
2026-04-09 14:00:00,0.594
2026-04-09 15:00:00,0.5807
2026-04-09 16:00:00,0.5233
2026-04-09 17:00:00,0.5306
2026-04-09 18:00:00,0.551
2026-04-09 19:00:00,0.5384
2026-04-09 20:00:00,0.5525
2026-04-09 21:00:00,0.5851
2026-04-09 22:00:00,0.6193
2026-04-09 23:00:00,0.5992
2026-04-10 00:00:00,0.6619
2026-04-10 01:00:00,0.7139
2026-04-10 02:00:00,0.712
2026-04-10 03:00:00,0.786
2026-04-10 04:00:00,0.8035
2026-04-10 05:00:00,0.8104
2026-04-10 06:00:00,0.8233
2026-04-10 07:00:00,0.7761
2026-04-10 08:00:00,0.701
2026-04-10 09:00:00,0.7083
2026-04-10 10:00:00,0.6631
2026-04-10 11:00:00,0.6361
2026-04-10 12:00:00,0.638
2026-04-10 13:00:00,0.6244
2026-04-10 14:00:00,0.6013
2026-04-10 15:00:00,0.583
2026-04-10 16:00:00,0.5618
2026-04-10 17:00:00,0.5786
2026-04-10 18:00:00,0.631
2026-04-10 19:00:00,0.6198
2026-04-10 20:00:00,0.6477
2026-04-10 21:00:00,0.6236
2026-04-10 22:00:00,0.6068
2026-04-10 23:00:00,0.5992
2026-04-11 00:00:00,0.5971
2026-04-11 01:00:00,0.6204
2026-04-11 02:00:00,0.6772
2026-04-11 03:00:00,0.7245
2026-04-11 04:00:00,0.7139
2026-04-11 05:00:00,0.7655
2026-04-11 06:00:00,0.7696
2026-04-11 07:00:00,0.7745
2026-04-11 08:00:00,0.7822
2026-04-11 09:00:00,0.7507
2026-04-11 10:00:00,0.7261
2026-04-11 11:00:00,0.7472
2026-04-11 12:00:00,0.7061
2026-04-11 13:00:00,0.6614
2026-04-11 14:00:00,0.6392
2026-04-11 15:00:00,0.6253
2026-04-11 16:00:00,0.5658
2026-04-11 17:00:00,0.5571
2026-04-11 18:00:00,0.5799
2026-04-11 19:00:00,0.6488
2026-04-11 20:00:00,0.6288
2026-04-11 21:00:00,0.6606
2026-04-11 22:00:00,0.6737
2026-04-11 23:00:00,0.7204
2026-04-12 00:00:00,0.7078
2026-04-12 01:00:00,0.7565
2026-04-12 02:00:00,0.8052
2026-04-12 03:00:00,0.8444
2026-04-12 04:00:00,0.8728
2026-04-12 05:00:00,0.8549
2026-04-12 06:00:00,0.8506
2026-04-12 07:00:00,0.8124
2026-04-12 08:00:00,0.7243
2026-04-12 09:00:00,0.7278
2026-04-12 10:00:00,0.7099
2026-04-12 11:00:00,0.7229
2026-04-12 12:00:00,0.7219
2026-04-12 13:00:00,0.6573
2026-04-12 14:00:00,0.7081
2026-04-12 15:00:00,0.6833
2026-04-12 16:00:00,0.6144
2026-04-12 17:00:00,0.5702
2026-04-12 18:00:00,0.5105
2026-04-12 19:00:00,0.5607
2026-04-12 20:00:00,0.5645
2026-04-12 21:00:00,0.5652
2026-04-12 22:00:00,0.5795
2026-04-12 23:00:00,0.6078
2026-04-13 00:00:00,0.6617
2026-04-13 01:00:00,0.64
2026-04-13 02:00:00,0.6463
2026-04-13 03:00:00,0.6996
2026-04-13 04:00:00,0.7071
2026-04-13 05:00:00,0.7465
2026-04-13 06:00:00,0.7392
2026-04-13 07:00:00,0.7911
2026-04-13 08:00:00,0.781
2026-04-13 09:00:00,0.7968
2026-04-13 10:00:00,0.7791
2026-04-13 11:00:00,0.7603
2026-04-13 12:00:00,0.6995
2026-04-13 13:00:00,0.7072
2026-04-13 14:00:00,0.6794
2026-04-13 15:00:00,0.6215
2026-04-13 16:00:00,0.5442
2026-04-13 17:00:00,0.5573
2026-04-13 18:00:00,0.6109
2026-04-13 19:00:00,0.582
2026-04-13 20:00:00,0.5665
2026-04-13 21:00:00,0.5815
2026-04-13 22:00:00,0.6427
2026-04-13 23:00:00,0.6063
2026-04-14 00:00:00,0.623
2026-04-14 01:00:00,0.6304
2026-04-14 02:00:00,0.6874
2026-04-14 03:00:00,0.7101
2026-04-14 04:00:00,0.7212
2026-04-14 05:00:00,0.7328
2026-04-14 06:00:00,0.7669
2026-04-14 07:00:00,0.7966
2026-04-14 08:00:00,0.8085
2026-04-14 09:00:00,0.7963
2026-04-14 10:00:00,0.8038
2026-04-14 11:00:00,0.7318
2026-04-14 12:00:00,0.7123
2026-04-14 13:00:00,0.7509
2026-04-14 14:00:00,0.6485
2026-04-14 15:00:00,0.6109
2026-04-14 16:00:00,0.5679
2026-04-14 17:00:00,0.5779
2026-04-14 18:00:00,0.6227
2026-04-14 19:00:00,0.633
2026-04-14 20:00:00,0.6241
2026-04-14 21:00:00,0.6479
2026-04-14 22:00:00,0.6478
2026-04-14 23:00:00,0.6701
2026-04-15 00:00:00,0.706
2026-04-15 01:00:00,0.7721
2026-04-15 02:00:00,0.7852
2026-04-15 03:00:00,0.7904
2026-04-15 04:00:00,0.8495
2026-04-15 05:00:00,0.7711
2026-04-15 06:00:00,0.7673
2026-04-15 07:00:00,0.74
2026-04-15 08:00:00,0.7291
2026-04-15 09:00:00,0.739
2026-04-15 10:00:00,0.7495
2026-04-15 11:00:00,0.7042
2026-04-15 12:00:00,0.7
2026-04-15 13:00:00,0.6438
2026-04-15 14:00:00,0.5871
2026-04-15 15:00:00,0.584
2026-04-15 16:00:00,0.5722
2026-04-15 17:00:00,0.6161
2026-04-15 18:00:00,0.6701
2026-04-15 19:00:00,0.6318
2026-04-15 20:00:00,0.5745
2026-04-15 21:00:00,0.5539
2026-04-15 22:00:00,0.5629
2026-04-15 23:00:00,0.6084
2026-04-16 00:00:00,0.6344
2026-04-16 01:00:00,0.6292
2026-04-16 02:00:00,0.7215
2026-04-16 03:00:00,0.7571
2026-04-16 04:00:00,0.8163
2026-04-16 05:00:00,0.7509
2026-04-16 06:00:00,0.7928
2026-04-16 07:00:00,0.7753
2026-04-16 08:00:00,0.7489
2026-04-16 09:00:00,0.735
2026-04-16 10:00:00,0.6954
2026-04-16 11:00:00,0.6757
2026-04-16 12:00:00,0.6869
2026-04-16 13:00:00,0.6015
2026-04-16 14:00:00,0.6391
2026-04-16 15:00:00,0.6301
2026-04-16 16:00:00,0.6078
2026-04-16 17:00:00,0.6242
2026-04-16 18:00:00,0.6221
2026-04-16 19:00:00,0.6002
2026-04-16 20:00:00,0.582
2026-04-16 21:00:00,0.6444
2026-04-16 22:00:00,0.6079
2026-04-16 23:00:00,0.6278
2026-04-17 00:00:00,0.6129
2026-04-17 01:00:00,0.6653
2026-04-17 02:00:00,0.6901
2026-04-17 03:00:00,0.6762
2026-04-17 04:00:00,0.6784
2026-04-17 05:00:00,0.7061
2026-04-17 06:00:00,0.73
2026-04-17 07:00:00,0.6755
2026-04-17 08:00:00,0.6118
2026-04-17 09:00:00,0.6241
2026-04-17 10:00:00,0.6565
2026-04-17 11:00:00,0.6608
2026-04-17 12:00:00,0.6179
2026-04-17 13:00:00,0.6244
2026-04-17 14:00:00,0.5849
2026-04-17 15:00:00,0.4694
2026-04-17 16:00:00,0.5223
2026-04-17 17:00:00,0.532
2026-04-17 18:00:00,0.5341
2026-04-17 19:00:00,0.5352
2026-04-17 20:00:00,0.5512
2026-04-17 21:00:00,0.5612
2026-04-17 22:00:00,0.5673
2026-04-17 23:00:00,0.5686
2026-04-18 00:00:00,0.5987
2026-04-18 01:00:00,0.5977
2026-04-18 02:00:00,0.5937
2026-04-18 03:00:00,0.6361
2026-04-18 04:00:00,0.6887
2026-04-18 05:00:00,0.727
2026-04-18 06:00:00,0.7169
2026-04-18 07:00:00,0.6725
2026-04-18 08:00:00,0.6454
2026-04-18 09:00:00,0.6196
2026-04-18 10:00:00,0.6607
2026-04-18 11:00:00,0.6011
2026-04-18 12:00:00,0.6168
2026-04-18 13:00:00,0.6002
2026-04-18 14:00:00,0.6096
2026-04-18 15:00:00,0.6303
2026-04-18 16:00:00,0.6085
2026-04-18 17:00:00,0.6289
2026-04-18 18:00:00,0.6593
2026-04-18 19:00:00,0.68
2026-04-18 20:00:00,0.6407
2026-04-18 21:00:00,0.5808
2026-04-18 22:00:00,0.6009
2026-04-18 23:00:00,0.6322
2026-04-19 00:00:00,0.5981
2026-04-19 01:00:00,0.64
2026-04-19 02:00:00,0.5958
2026-04-19 03:00:00,0.6904
2026-04-19 04:00:00,0.7272
2026-04-19 05:00:00,0.7136
2026-04-19 06:00:00,0.7288
2026-04-19 07:00:00,0.7385
2026-04-19 08:00:00,0.746
2026-04-19 09:00:00,0.7314
2026-04-19 10:00:00,0.7392
2026-04-19 11:00:00,0.6706
2026-04-19 12:00:00,0.648
2026-04-19 13:00:00,0.6829
2026-04-19 14:00:00,0.6392
2026-04-19 15:00:00,0.6226
2026-04-19 16:00:00,0.5726
2026-04-19 17:00:00,0.6323
2026-04-19 18:00:00,0.6223
2026-04-19 19:00:00,0.5737
2026-04-19 20:00:00,0.6155
2026-04-19 21:00:00,0.588
2026-04-19 22:00:00,0.6287
2026-04-19 23:00:00,0.6761
2026-04-20 00:00:00,0.7473
2026-04-20 01:00:00,0.7506
2026-04-20 02:00:00,0.7523
2026-04-20 03:00:00,0.6939
2026-04-20 04:00:00,0.6998
2026-04-20 05:00:00,0.695
2026-04-20 06:00:00,0.7043
2026-04-20 07:00:00,0.6957
2026-04-20 08:00:00,0.7222
2026-04-20 09:00:00,0.6934
2026-04-20 10:00:00,0.6958
2026-04-20 11:00:00,0.6719
2026-04-20 12:00:00,0.6321
2026-04-20 13:00:00,0.5945
2026-04-20 14:00:00,0.5911
2026-04-20 15:00:00,0.6199
2026-04-20 16:00:00,0.5766
2026-04-20 17:00:00,0.5699
2026-04-20 18:00:00,0.5814
2026-04-20 19:00:00,0.5794
2026-04-20 20:00:00,0.5321
2026-04-20 21:00:00,0.5725
2026-04-20 22:00:00,0.5499
2026-04-20 23:00:00,0.5417
2026-04-21 00:00:00,0.5486
2026-04-21 01:00:00,0.594
2026-04-21 02:00:00,0.6071
2026-04-21 03:00:00,0.6052
2026-04-21 04:00:00,0.6591
2026-04-21 05:00:00,0.6843
2026-04-21 06:00:00,0.7227
2026-04-21 07:00:00,0.7007
2026-04-21 08:00:00,0.6983
2026-04-21 09:00:00,0.7151
2026-04-21 10:00:00,0.6557
2026-04-21 11:00:00,0.6247
2026-04-21 12:00:00,0.6446
2026-04-21 13:00:00,0.6235
2026-04-21 14:00:00,0.5985
2026-04-21 15:00:00,0.5809
2026-04-21 16:00:00,0.6052
2026-04-21 17:00:00,0.5864
2026-04-21 18:00:00,0.5781
2026-04-21 19:00:00,0.5752
2026-04-21 20:00:00,0.5314
2026-04-21 21:00:00,0.5707
2026-04-21 22:00:00,0.5672
2026-04-21 23:00:00,0.5591
2026-04-22 00:00:00,0.5459
2026-04-22 01:00:00,0.5487
2026-04-22 02:00:00,0.5334
2026-04-22 03:00:00,0.5625
2026-04-22 04:00:00,0.6019
2026-04-22 05:00:00,0.6738
2026-04-22 06:00:00,0.6923
2026-04-22 07:00:00,0.7063
2026-04-22 08:00:00,0.7407
2026-04-22 09:00:00,0.634
2026-04-22 10:00:00,0.6466
2026-04-22 11:00:00,0.6454
2026-04-22 12:00:00,0.6525
2026-04-22 13:00:00,0.5727
2026-04-22 14:00:00,0.5473
2026-04-22 15:00:00,0.5153
2026-04-22 16:00:00,0.4806
2026-04-22 17:00:00,0.5648
2026-04-22 18:00:00,0.5423
2026-04-22 19:00:00,0.5757
2026-04-22 20:00:00,0.5994
2026-04-22 21:00:00,0.5595
2026-04-22 22:00:00,0.5659
2026-04-22 23:00:00,0.5959
2026-04-23 00:00:00,0.6347
2026-04-23 01:00:00,0.6668
2026-04-23 02:00:00,0.7371
2026-04-23 03:00:00,0.7652
2026-04-23 04:00:00,0.7786
2026-04-23 05:00:00,0.7963
2026-04-23 06:00:00,0.8172
2026-04-23 07:00:00,0.768
2026-04-23 08:00:00,0.6973
2026-04-23 09:00:00,0.6682
2026-04-23 10:00:00,0.6162
2026-04-23 11:00:00,0.5826
2026-04-23 12:00:00,0.5836
2026-04-23 13:00:00,0.5585
2026-04-23 14:00:00,0.5717
2026-04-23 15:00:00,0.5679
2026-04-23 16:00:00,0.5661
2026-04-23 17:00:00,0.5171
2026-04-23 18:00:00,0.4965
2026-04-23 19:00:00,0.4557
2026-04-23 20:00:00,0.5069
2026-04-23 21:00:00,0.5918
2026-04-23 22:00:00,0.6083
2026-04-23 23:00:00,0.6307
2026-04-24 00:00:00,0.6299
2026-04-24 01:00:00,0.6449
2026-04-24 02:00:00,0.7051
2026-04-24 03:00:00,0.7156
2026-04-24 04:00:00,0.7404
2026-04-24 05:00:00,0.7767
2026-04-24 06:00:00,0.7936
2026-04-24 07:00:00,0.7687
2026-04-24 08:00:00,0.6914
2026-04-24 09:00:00,0.6531
2026-04-24 10:00:00,0.6442
2026-04-24 11:00:00,0.6025
2026-04-24 12:00:00,0.588
2026-04-24 13:00:00,0.592
2026-04-24 14:00:00,0.5084
2026-04-24 15:00:00,0.4402
2026-04-24 16:00:00,0.4445
2026-04-24 17:00:00,0.4701
2026-04-24 18:00:00,0.4803
2026-04-24 19:00:00,0.4476
2026-04-24 20:00:00,0.4937
2026-04-24 21:00:00,0.5644
2026-04-24 22:00:00,0.5398
2026-04-24 23:00:00,0.5342
2026-04-25 00:00:00,0.5598
2026-04-25 01:00:00,0.5798
2026-04-25 02:00:00,0.6386
2026-04-25 03:00:00,0.6562
2026-04-25 04:00:00,0.6523
2026-04-25 05:00:00,0.6942
2026-04-25 06:00:00,0.6534
2026-04-25 07:00:00,0.7058
2026-04-25 08:00:00,0.7148
2026-04-25 09:00:00,0.6923
2026-04-25 10:00:00,0.6741
2026-04-25 11:00:00,0.6466
2026-04-25 12:00:00,0.5697
2026-04-25 13:00:00,0.5185
2026-04-25 14:00:00,0.5134
2026-04-25 15:00:00,0.5062
2026-04-25 16:00:00,0.5064
2026-04-25 17:00:00,0.559
2026-04-25 18:00:00,0.5405
2026-04-25 19:00:00,0.5178
2026-04-25 20:00:00,0.5323
2026-04-25 21:00:00,0.5065
2026-04-25 22:00:00,0.5423
2026-04-25 23:00:00,0.5494
2026-04-26 00:00:00,0.5901
2026-04-26 01:00:00,0.6134
2026-04-26 02:00:00,0.6359
2026-04-26 03:00:00,0.6779
2026-04-26 04:00:00,0.7121
2026-04-26 05:00:00,0.7744
2026-04-26 06:00:00,0.7758
2026-04-26 07:00:00,0.7436
2026-04-26 08:00:00,0.7022
2026-04-26 09:00:00,0.6944
2026-04-26 10:00:00,0.7142
2026-04-26 11:00:00,0.7024
2026-04-26 12:00:00,0.6395
2026-04-26 13:00:00,0.623
2026-04-26 14:00:00,0.5994
2026-04-26 15:00:00,0.6043
2026-04-26 16:00:00,0.5845
2026-04-26 17:00:00,0.5702
2026-04-26 18:00:00,0.5198
2026-04-26 19:00:00,0.5475
2026-04-26 20:00:00,0.5084
2026-04-26 21:00:00,0.5319
2026-04-26 22:00:00,0.5374
2026-04-26 23:00:00,0.5473
2026-04-27 00:00:00,0.5974
2026-04-27 01:00:00,0.622
2026-04-27 02:00:00,0.5726
2026-04-27 03:00:00,0.6056
2026-04-27 04:00:00,0.6244
2026-04-27 05:00:00,0.686
2026-04-27 06:00:00,0.6521
2026-04-27 07:00:00,0.7173
2026-04-27 08:00:00,0.7261
2026-04-27 09:00:00,0.6908
2026-04-27 10:00:00,0.6532
2026-04-27 11:00:00,0.6117
2026-04-27 12:00:00,0.6032
2026-04-27 13:00:00,0.5576
2026-04-27 14:00:00,0.5402
2026-04-27 15:00:00,0.4956
2026-04-27 16:00:00,0.5166
2026-04-27 17:00:00,0.5165
2026-04-27 18:00:00,0.5005
2026-04-27 19:00:00,0.5007
2026-04-27 20:00:00,0.4936
2026-04-27 21:00:00,0.526
2026-04-27 22:00:00,0.51
2026-04-27 23:00:00,0.571
2026-04-28 00:00:00,0.6002
2026-04-28 01:00:00,0.6087
2026-04-28 02:00:00,0.6504
2026-04-28 03:00:00,0.6773
2026-04-28 04:00:00,0.6543
2026-04-28 05:00:00,0.7071
2026-04-28 06:00:00,0.6276
2026-04-28 07:00:00,0.6729
2026-04-28 08:00:00,0.6615
2026-04-28 09:00:00,0.6804
2026-04-28 10:00:00,0.6996
2026-04-28 11:00:00,0.6494
2026-04-28 12:00:00,0.6074
2026-04-28 13:00:00,0.5917
2026-04-28 14:00:00,0.5323
2026-04-28 15:00:00,0.5106
2026-04-28 16:00:00,0.4915
2026-04-28 17:00:00,0.4558
2026-04-28 18:00:00,0.4548
2026-04-28 19:00:00,0.4956
2026-04-28 20:00:00,0.5292
2026-04-28 21:00:00,0.5349
2026-04-28 22:00:00,0.554
2026-04-28 23:00:00,0.5645
2026-04-29 00:00:00,0.5355
2026-04-29 01:00:00,0.543
2026-04-29 02:00:00,0.6123
2026-04-29 03:00:00,0.6721
2026-04-29 04:00:00,0.6542
2026-04-29 05:00:00,0.6994
2026-04-29 06:00:00,0.659
2026-04-29 07:00:00,0.6454
2026-04-29 08:00:00,0.641
2026-04-29 09:00:00,0.6257
2026-04-29 10:00:00,0.5942
2026-04-29 11:00:00,0.5882
2026-04-29 12:00:00,0.596
2026-04-29 13:00:00,0.5285
2026-04-29 14:00:00,0.5226
2026-04-29 15:00:00,0.5405
2026-04-29 16:00:00,0.5112
2026-04-29 17:00:00,0.4872
2026-04-29 18:00:00,0.464
2026-04-29 19:00:00,0.5377
2026-04-29 20:00:00,0.5818
2026-04-29 21:00:00,0.5673
2026-04-29 22:00:00,0.6089
2026-04-29 23:00:00,0.5954
2026-04-30 00:00:00,0.6039
2026-04-30 01:00:00,0.589
2026-04-30 02:00:00,0.5594
2026-04-30 03:00:00,0.5787
2026-04-30 04:00:00,0.598
2026-04-30 05:00:00,0.6361
2026-04-30 06:00:00,0.6672
2026-04-30 07:00:00,0.6611
2026-04-30 08:00:00,0.6242
2026-04-30 09:00:00,0.6001
2026-04-30 10:00:00,0.6423
2026-04-30 11:00:00,0.6359
2026-04-30 12:00:00,0.6478
2026-04-30 13:00:00,0.6607
2026-04-30 14:00:00,0.5923
2026-04-30 15:00:00,0.5844
2026-04-30 16:00:00,0.5261
2026-04-30 17:00:00,0.5434
2026-04-30 18:00:00,0.5528
2026-04-30 19:00:00,0.4762
2026-04-30 20:00:00,0.5029
2026-04-30 21:00:00,0.4916
2026-04-30 22:00:00,0.5068
2026-04-30 23:00:00,0.5159
2026-05-01 00:00:00,0.5766
2026-05-01 01:00:00,0.5787
2026-05-01 02:00:00,0.5669
2026-05-01 03:00:00,0.5753
2026-05-01 04:00:00,0.5999
2026-05-01 05:00:00,0.635
2026-05-01 06:00:00,0.6806
2026-05-01 07:00:00,0.6879
2026-05-01 08:00:00,0.6337
2026-05-01 09:00:00,0.6315
2026-05-01 10:00:00,0.6243
2026-05-01 11:00:00,0.6177
2026-05-01 12:00:00,0.6498
2026-05-01 13:00:00,0.6155
2026-05-01 14:00:00,0.5707
2026-05-01 15:00:00,0.5129
2026-05-01 16:00:00,0.4936
2026-05-01 17:00:00,0.5062
2026-05-01 18:00:00,0.4473
2026-05-01 19:00:00,0.484
2026-05-01 20:00:00,0.4663
2026-05-01 21:00:00,0.4666
2026-05-01 22:00:00,0.4973
2026-05-01 23:00:00,0.4957
2026-05-02 00:00:00,0.5312
2026-05-02 01:00:00,0.5146
2026-05-02 02:00:00,0.568
2026-05-02 03:00:00,0.5888
2026-05-02 04:00:00,0.5986
2026-05-02 05:00:00,0.6676
2026-05-02 06:00:00,0.6656
2026-05-02 07:00:00,0.6729
2026-05-02 08:00:00,0.6523
2026-05-02 09:00:00,0.6274
2026-05-02 10:00:00,0.5572
2026-05-02 11:00:00,0.5928
2026-05-02 12:00:00,0.5352
2026-05-02 13:00:00,0.5709
2026-05-02 14:00:00,0.5361
2026-05-02 15:00:00,0.5519
2026-05-02 16:00:00,0.5571
2026-05-02 17:00:00,0.5596
2026-05-02 18:00:00,0.5371
2026-05-02 19:00:00,0.4885
2026-05-02 20:00:00,0.4902
2026-05-02 21:00:00,0.4948
2026-05-02 22:00:00,0.5123
2026-05-02 23:00:00,0.4989
2026-05-03 00:00:00,0.5246
2026-05-03 01:00:00,0.4701
2026-05-03 02:00:00,0.5141
2026-05-03 03:00:00,0.5613
2026-05-03 04:00:00,0.5689
2026-05-03 05:00:00,0.5883
2026-05-03 06:00:00,0.612
2026-05-03 07:00:00,0.6495
2026-05-03 08:00:00,0.6713
2026-05-03 09:00:00,0.657
2026-05-03 10:00:00,0.6287
2026-05-03 11:00:00,0.612
2026-05-03 12:00:00,0.6359
2026-05-03 13:00:00,0.608
2026-05-03 14:00:00,0.5759
2026-05-03 15:00:00,0.5743
2026-05-03 16:00:00,0.5414
2026-05-03 17:00:00,0.4918
2026-05-03 18:00:00,0.4987
2026-05-03 19:00:00,0.4998
2026-05-03 20:00:00,0.4953
2026-05-03 21:00:00,0.5223
2026-05-03 22:00:00,0.4788
2026-05-03 23:00:00,0.4933
2026-05-04 00:00:00,0.5009
2026-05-04 01:00:00,0.5155
2026-05-04 02:00:00,0.5492
2026-05-04 03:00:00,0.5535
2026-05-04 04:00:00,0.635
2026-05-04 05:00:00,0.6556
2026-05-04 06:00:00,0.6298
2026-05-04 07:00:00,0.5777
2026-05-04 08:00:00,0.5685
2026-05-04 09:00:00,0.5619
2026-05-04 10:00:00,0.5401
2026-05-04 11:00:00,0.6118
2026-05-04 12:00:00,0.5302
2026-05-04 13:00:00,0.5164
2026-05-04 14:00:00,0.4963
2026-05-04 15:00:00,0.4753
2026-05-04 16:00:00,0.4085
2026-05-04 17:00:00,0.4185
2026-05-04 18:00:00,0.4355
2026-05-04 19:00:00,0.4686
2026-05-04 20:00:00,0.4919
2026-05-04 21:00:00,0.5381
2026-05-04 22:00:00,0.4811
2026-05-04 23:00:00,0.5022
2026-05-05 00:00:00,0.6068
2026-05-05 01:00:00,0.6448
2026-05-05 02:00:00,0.6013
2026-05-05 03:00:00,0.6191
2026-05-05 04:00:00,0.5985
2026-05-05 05:00:00,0.6009
2026-05-05 06:00:00,0.6722
2026-05-05 07:00:00,0.6872
2026-05-05 08:00:00,0.6173
2026-05-05 09:00:00,0.582
2026-05-05 10:00:00,0.5717
2026-05-05 11:00:00,0.5484
2026-05-05 12:00:00,0.5416
2026-05-05 13:00:00,0.4978
2026-05-05 14:00:00,0.4738
2026-05-05 15:00:00,0.441
2026-05-05 16:00:00,0.429
2026-05-05 17:00:00,0.4537
2026-05-05 18:00:00,0.4624
2026-05-05 19:00:00,0.4436
2026-05-05 20:00:00,0.4914
2026-05-05 21:00:00,0.5311
2026-05-05 22:00:00,0.5355
2026-05-05 23:00:00,0.5387
